"ref.epitope",".metric","both","cdr3","full"
"GILGFVFTL","accuracy",0.676,0.477,0.694
"GLCTLVAML","accuracy",0.589,0.445,0.586
"HPNGYKSLSTL","accuracy",0.57,0.525,0.56
"KLVALGINAV","accuracy",0.699,0.478,0.706
"NLVPMVATV","accuracy",0.543,0.495,0.576
"QMMVKAGL","accuracy",0.593,0.611,0.593
"QYIKWPWYI","accuracy",0.579,0.494,0.57
"RFPLTFGWCF","accuracy",0.68,0.523,0.69
"RPIIRPATL","accuracy",0.559,0.498,0.563
"SPRWYFYYL","accuracy",0.632,0.557,0.627
"TTDPSFLGRY","accuracy",0.709,0.537,0.701
"VLFGLGFAI","accuracy",0.636,0.778,0.636
"YLQPRTFLL","accuracy",0.538,0.514,0.538
"GILGFVFTL","kap",0.348,0.06,0.369
"GLCTLVAML","kap",0.118,-0.166,0.112
"HPNGYKSLSTL","kap",0.051,0.067,0.021
"KLVALGINAV","kap",0.369,-0.004,0.385
"NLVPMVATV","kap",-0.078,-0.013,-0.014
"QMMVKAGL","kap",0.026,0.214,0.011
"QYIKWPWYI","kap",0.009,-0.051,-0.016
"RFPLTFGWCF","kap",0.141,0.084,0.142
"RPIIRPATL","kap",0.02,-0.053,0.04
"SPRWYFYYL","kap",0.082,0.069,0.073
"TTDPSFLGRY","kap",0.379,0.021,0.369
"VLFGLGFAI","kap",0.204,0.512,0.204
"YLQPRTFLL","kap",-0.064,0.016,-0.055
"GILGFVFTL","sens",0.764,0.708,0.742
"GLCTLVAML","sens",0.453,0.305,0.453
"HPNGYKSLSTL","sens",0.406,0.578,0.375
"KLVALGINAV","sens",0.67,0.567,0.68
"NLVPMVATV","sens",0.258,0.484,0.29
"QMMVKAGL","sens",0.292,0.653,0.264
"QYIKWPWYI","sens",0.235,0.4,0.212
"RFPLTFGWCF","sens",0.386,0.636,0.364
"RPIIRPATL","sens",0.386,0.4,0.414
"SPRWYFYYL","sens",0.267,0.483,0.267
"TTDPSFLGRY","sens",0.812,0.469,0.812
"VLFGLGFAI","sens",0.54,0.76,0.54
"YLQPRTFLL","sens",0.254,0.492,0.271
"GILGFVFTL","spec",0.635,0.37,0.672
"GLCTLVAML","spec",0.667,0.524,0.661
"HPNGYKSLSTL","spec",0.647,0.5,0.647
"KLVALGINAV","spec",0.714,0.429,0.72
"NLVPMVATV","spec",0.662,0.5,0.696
"QMMVKAGL","spec",0.734,0.591,0.747
"QYIKWPWYI","spec",0.773,0.547,0.773
"RFPLTFGWCF","spec",0.765,0.49,0.784
"RPIIRPATL","spec",0.635,0.541,0.629
"SPRWYFYYL","spec",0.808,0.592,0.8
"TTDPSFLGRY","spec",0.676,0.559,0.667
"VLFGLGFAI","spec",0.679,0.786,0.679
"YLQPRTFLL","spec",0.684,0.526,0.675
"GILGFVFTL","f_meas",0.599,0.462,0.606
"GLCTLVAML","f_meas",0.443,0.284,0.441
"HPNGYKSLSTL","f_meas",0.377,0.438,0.353
"KLVALGINAV","f_meas",0.613,0.437,0.623
"NLVPMVATV","f_meas",0.25,0.361,0.288
"QMMVKAGL","f_meas",0.313,0.516,0.292
"QYIKWPWYI","f_meas",0.288,0.364,0.263
"RFPLTFGWCF","f_meas",0.351,0.373,0.344
"RPIIRPATL","f_meas",0.348,0.327,0.367
"SPRWYFYYL","f_meas",0.32,0.414,0.317
"TTDPSFLGRY","f_meas",0.571,0.326,0.565
"VLFGLGFAI","f_meas",0.478,0.679,0.478
"YLQPRTFLL","f_meas",0.273,0.408,0.286
"GILGFVFTL","precision",0.493,0.342,0.512
"GLCTLVAML","precision",0.434,0.266,0.43
"HPNGYKSLSTL","precision",0.351,0.352,0.333
"KLVALGINAV","precision",0.565,0.355,0.574
"NLVPMVATV","precision",0.242,0.288,0.286
"QMMVKAGL","precision",0.339,0.427,0.328
"QYIKWPWYI","precision",0.37,0.333,0.346
"RFPLTFGWCF","precision",0.321,0.264,0.327
"RPIIRPATL","precision",0.318,0.277,0.33
"SPRWYFYYL","precision",0.4,0.362,0.39
"TTDPSFLGRY","precision",0.441,0.25,0.433
"VLFGLGFAI","precision",0.429,0.613,0.429
"YLQPRTFLL","precision",0.294,0.349,0.302
"GILGFVFTL","recall",0.764,0.708,0.742
"GLCTLVAML","recall",0.453,0.305,0.453
"HPNGYKSLSTL","recall",0.406,0.578,0.375
"KLVALGINAV","recall",0.67,0.567,0.68
"NLVPMVATV","recall",0.258,0.484,0.29
"QMMVKAGL","recall",0.292,0.653,0.264
"QYIKWPWYI","recall",0.235,0.4,0.212
"RFPLTFGWCF","recall",0.386,0.636,0.364
"RPIIRPATL","recall",0.386,0.4,0.414
"SPRWYFYYL","recall",0.267,0.483,0.267
"TTDPSFLGRY","recall",0.812,0.469,0.812
"VLFGLGFAI","recall",0.54,0.76,0.54
"YLQPRTFLL","recall",0.254,0.492,0.271
"GILGFVFTL","bal_accuracy",0.7,0.539,0.707
"GLCTLVAML","bal_accuracy",0.56,0.415,0.557
"HPNGYKSLSTL","bal_accuracy",0.527,0.539,0.511
"KLVALGINAV","bal_accuracy",0.692,0.498,0.7
"NLVPMVATV","bal_accuracy",0.46,0.492,0.493
"QMMVKAGL","bal_accuracy",0.513,0.622,0.505
"QYIKWPWYI","bal_accuracy",0.504,0.473,0.493
"RFPLTFGWCF","bal_accuracy",0.576,0.563,0.574
"RPIIRPATL","bal_accuracy",0.51,0.47,0.522
"SPRWYFYYL","bal_accuracy",0.537,0.538,0.533
"TTDPSFLGRY","bal_accuracy",0.744,0.514,0.74
"VLFGLGFAI","bal_accuracy",0.609,0.773,0.609
"YLQPRTFLL","bal_accuracy",0.469,0.509,0.473
"GILGFVFTL","roc_auc",0.793,0.614,0.8
"GLCTLVAML","roc_auc",0.588,0.426,0.606
"HPNGYKSLSTL","roc_auc",0.589,0.594,0.586
"KLVALGINAV","roc_auc",0.744,0.487,0.775
"NLVPMVATV","roc_auc",0.512,0.459,0.519
"QMMVKAGL","roc_auc",0.56,0.625,0.545
"QYIKWPWYI","roc_auc",0.523,0.518,0.517
"RFPLTFGWCF","roc_auc",0.631,0.544,0.645
"RPIIRPATL","roc_auc",0.503,0.481,0.509
"SPRWYFYYL","roc_auc",0.58,0.525,0.591
"TTDPSFLGRY","roc_auc",0.819,0.526,0.829
"VLFGLGFAI","roc_auc",0.692,0.83,0.665
"YLQPRTFLL","roc_auc",0.49,0.506,0.487
"GILGFVFTL","pr_auc",0.752,0.504,0.748
"GLCTLVAML","pr_auc",0.539,0.336,0.558
"HPNGYKSLSTL","pr_auc",0.446,0.405,0.441
"KLVALGINAV","pr_auc",0.706,0.369,0.719
"NLVPMVATV","pr_auc",0.296,0.262,0.302
"QMMVKAGL","pr_auc",0.356,0.448,0.347
"QYIKWPWYI","pr_auc",0.425,0.376,0.422
"RFPLTFGWCF","pr_auc",0.363,0.269,0.366
"RPIIRPATL","pr_auc",0.365,0.33,0.366
"SPRWYFYYL","pr_auc",0.446,0.336,0.451
"TTDPSFLGRY","pr_auc",0.65,0.253,0.653
"VLFGLGFAI","pr_auc",0.684,0.741,0.668
"YLQPRTFLL","pr_auc",0.346,0.36,0.355
"GILGFVFTL","mn_log_loss",0.61,0.695,0.604
"GLCTLVAML","mn_log_loss",0.666,0.703,0.662
"HPNGYKSLSTL","mn_log_loss",0.668,0.683,0.67
"KLVALGINAV","mn_log_loss",0.616,0.713,0.607
"NLVPMVATV","mn_log_loss",0.694,0.706,0.689
"QMMVKAGL","mn_log_loss",0.68,0.676,0.686
"QYIKWPWYI","mn_log_loss",0.68,0.687,0.683
"RFPLTFGWCF","mn_log_loss",0.644,0.7,0.64
"RPIIRPATL","mn_log_loss",0.693,0.695,0.692
"SPRWYFYYL","mn_log_loss",0.66,0.69,0.658
"TTDPSFLGRY","mn_log_loss",0.613,0.68,0.613
"VLFGLGFAI","mn_log_loss",0.612,0.625,0.626
"YLQPRTFLL","mn_log_loss",0.707,0.695,0.707
