"epitope",".metric","all.features","pca.features","tuned.features"
"GILGFVFTL","accuracy",0.672,0.614,0.668
"GLCTLVAML","accuracy",0.731,0.655,0.726
"HPNGYKSLSTL","accuracy",0.607,0.539,0.612
"KLVALGINAV","accuracy",0.641,0.561,0.643
"NLVPMVATV","accuracy",0.696,0.639,0.704
"QMMVKAGL","accuracy",0.684,0.606,0.697
"QYIKWPWYI","accuracy",0.654,0.598,0.66
"RFPLTFGWCF","accuracy",0.764,0.666,0.778
"RPIIRPATL","accuracy",0.665,0.58,0.664
"SPRWYFYYL","accuracy",0.649,0.591,0.661
"TTDPSFLGRY","accuracy",0.579,0.514,0.583
"VLFGLGFAI","accuracy",0.654,0.595,0.676
"YLQPRTFLL","accuracy",0.684,0.616,0.702
"GILGFVFTL","kap",0.056,0.04,0.059
"GLCTLVAML","kap",0.058,0.04,0.047
"HPNGYKSLSTL","kap",0.008,0.003,0.006
"KLVALGINAV","kap",0.079,0.051,0.08
"NLVPMVATV","kap",0.005,0.011,0.006
"QMMVKAGL","kap",0,-0.011,0.009
"QYIKWPWYI","kap",-0.015,-0.012,-0.017
"RFPLTFGWCF","kap",0.05,0.036,0.057
"RPIIRPATL","kap",0.032,0.021,0.016
"SPRWYFYYL","kap",0.008,0.005,0.01
"TTDPSFLGRY","kap",0.026,0.019,0.03
"VLFGLGFAI","kap",0.019,0.016,0.034
"YLQPRTFLL","kap",0.01,0.02,0.016
"GILGFVFTL","sens",0.573,0.596,0.596
"GLCTLVAML","sens",0.461,0.517,0.427
"HPNGYKSLSTL","sens",0.438,0.484,0.422
"KLVALGINAV","sens",0.758,0.747,0.758
"NLVPMVATV","sens",0.326,0.442,0.326
"QMMVKAGL","sens",0.302,0.317,0.333
"QYIKWPWYI","sens",0.263,0.329,0.25
"RFPLTFGWCF","sens",0.421,0.526,0.421
"RPIIRPATL","sens",0.475,0.537,0.4
"SPRWYFYYL","sens",0.386,0.439,0.386
"TTDPSFLGRY","sens",0.647,0.676,0.676
"VLFGLGFAI","sens",0.46,0.52,0.52
"YLQPRTFLL","sens",0.337,0.47,0.337
"GILGFVFTL","spec",0.676,0.614,0.671
"GLCTLVAML","spec",0.743,0.661,0.739
"HPNGYKSLSTL","spec",0.612,0.541,0.618
"KLVALGINAV","spec",0.636,0.554,0.639
"NLVPMVATV","spec",0.704,0.644,0.713
"QMMVKAGL","spec",0.697,0.616,0.709
"QYIKWPWYI","spec",0.67,0.609,0.677
"RFPLTFGWCF","spec",0.776,0.671,0.79
"RPIIRPATL","spec",0.673,0.581,0.675
"SPRWYFYYL","spec",0.658,0.596,0.67
"TTDPSFLGRY","spec",0.577,0.51,0.58
"VLFGLGFAI","spec",0.659,0.597,0.681
"YLQPRTFLL","spec",0.7,0.623,0.719
"GILGFVFTL","f_meas",0.124,0.111,0.127
"GLCTLVAML","f_meas",0.126,0.112,0.116
"HPNGYKSLSTL","f_meas",0.066,0.062,0.064
"KLVALGINAV","f_meas",0.147,0.122,0.148
"NLVPMVATV","f_meas",0.048,0.055,0.049
"QMMVKAGL","f_meas",0.059,0.05,0.067
"QYIKWPWYI","f_meas",0.058,0.062,0.056
"RFPLTFGWCF","f_meas",0.104,0.093,0.11
"RPIIRPATL","f_meas",0.099,0.09,0.084
"SPRWYFYYL","f_meas",0.067,0.066,0.069
"TTDPSFLGRY","f_meas",0.073,0.067,0.077
"VLFGLGFAI","f_meas",0.072,0.07,0.086
"YLQPRTFLL","f_meas",0.087,0.098,0.092
"GILGFVFTL","precision",0.069,0.061,0.071
"GLCTLVAML","precision",0.073,0.063,0.067
"HPNGYKSLSTL","precision",0.036,0.033,0.035
"KLVALGINAV","precision",0.081,0.066,0.082
"NLVPMVATV","precision",0.026,0.029,0.027
"QMMVKAGL","precision",0.033,0.027,0.037
"QYIKWPWYI","precision",0.032,0.034,0.032
"RFPLTFGWCF","precision",0.06,0.051,0.063
"RPIIRPATL","precision",0.055,0.049,0.047
"SPRWYFYYL","precision",0.037,0.035,0.038
"TTDPSFLGRY","precision",0.039,0.035,0.041
"VLFGLGFAI","precision",0.039,0.037,0.047
"YLQPRTFLL","precision",0.05,0.055,0.053
"GILGFVFTL","recall",0.573,0.596,0.596
"GLCTLVAML","recall",0.461,0.517,0.427
"HPNGYKSLSTL","recall",0.438,0.484,0.422
"KLVALGINAV","recall",0.758,0.747,0.758
"NLVPMVATV","recall",0.326,0.442,0.326
"QMMVKAGL","recall",0.302,0.317,0.333
"QYIKWPWYI","recall",0.263,0.329,0.25
"RFPLTFGWCF","recall",0.421,0.526,0.421
"RPIIRPATL","recall",0.475,0.537,0.4
"SPRWYFYYL","recall",0.386,0.439,0.386
"TTDPSFLGRY","recall",0.647,0.676,0.676
"VLFGLGFAI","recall",0.46,0.52,0.52
"YLQPRTFLL","recall",0.337,0.47,0.337
"GILGFVFTL","bal_accuracy",0.625,0.605,0.633
"GLCTLVAML","bal_accuracy",0.602,0.589,0.583
"HPNGYKSLSTL","bal_accuracy",0.525,0.513,0.52
"KLVALGINAV","bal_accuracy",0.697,0.65,0.698
"NLVPMVATV","bal_accuracy",0.515,0.543,0.519
"QMMVKAGL","bal_accuracy",0.499,0.467,0.521
"QYIKWPWYI","bal_accuracy",0.467,0.469,0.463
"RFPLTFGWCF","bal_accuracy",0.598,0.599,0.606
"RPIIRPATL","bal_accuracy",0.574,0.559,0.538
"SPRWYFYYL","bal_accuracy",0.522,0.517,0.528
"TTDPSFLGRY","bal_accuracy",0.612,0.593,0.628
"VLFGLGFAI","bal_accuracy",0.56,0.558,0.6
"YLQPRTFLL","bal_accuracy",0.519,0.546,0.528
"GILGFVFTL","roc_auc",0.68,0.676,0.686
"GLCTLVAML","roc_auc",0.634,0.635,0.638
"HPNGYKSLSTL","roc_auc",0.545,0.568,0.548
"KLVALGINAV","roc_auc",0.76,0.74,0.763
"NLVPMVATV","roc_auc",0.539,0.567,0.549
"QMMVKAGL","roc_auc",0.495,0.481,0.502
"QYIKWPWYI","roc_auc",0.465,0.494,0.461
"RFPLTFGWCF","roc_auc",0.619,0.639,0.62
"RPIIRPATL","roc_auc",0.576,0.567,0.574
"SPRWYFYYL","roc_auc",0.545,0.549,0.544
"TTDPSFLGRY","roc_auc",0.657,0.653,0.661
"VLFGLGFAI","roc_auc",0.595,0.633,0.602
"YLQPRTFLL","roc_auc",0.527,0.551,0.527
"GILGFVFTL","pr_auc",0.202,0.178,0.213
"GLCTLVAML","pr_auc",0.069,0.09,0.069
"HPNGYKSLSTL","pr_auc",0.076,0.06,0.073
"KLVALGINAV","pr_auc",0.14,0.135,0.15
"NLVPMVATV","pr_auc",0.027,0.027,0.028
"QMMVKAGL","pr_auc",0.033,0.031,0.034
"QYIKWPWYI","pr_auc",0.039,0.042,0.039
"RFPLTFGWCF","pr_auc",0.108,0.094,0.109
"RPIIRPATL","pr_auc",0.051,0.064,0.052
"SPRWYFYYL","pr_auc",0.045,0.04,0.044
"TTDPSFLGRY","pr_auc",0.101,0.166,0.101
"VLFGLGFAI","pr_auc",0.144,0.103,0.14
"YLQPRTFLL","pr_auc",0.059,0.059,0.061
"GILGFVFTL","mn_log_loss",0.662,0.663,0.664
"GLCTLVAML","mn_log_loss",0.648,0.658,0.65
"HPNGYKSLSTL","mn_log_loss",0.714,0.705,0.711
"KLVALGINAV","mn_log_loss",0.689,0.69,0.688
"NLVPMVATV","mn_log_loss",0.661,0.666,0.661
"QMMVKAGL","mn_log_loss",0.664,0.674,0.664
"QYIKWPWYI","mn_log_loss",0.681,0.678,0.68
"RFPLTFGWCF","mn_log_loss",0.635,0.654,0.635
"RPIIRPATL","mn_log_loss",0.68,0.685,0.68
"SPRWYFYYL","mn_log_loss",0.683,0.683,0.682
"TTDPSFLGRY","mn_log_loss",0.713,0.708,0.71
"VLFGLGFAI","mn_log_loss",0.667,0.672,0.666
"YLQPRTFLL","mn_log_loss",0.663,0.673,0.663
