"","epitope","Feature","Epitope","Comparison","P.Value"
"1","GILGFVFTL","top.distance","GILGFVFTL","True receptor pairs vs Negative receptor pairs",1.31491328650612e-19
"2","GLCTLVAML","top.distance","GLCTLVAML","True receptor pairs vs Negative receptor pairs",3.29902145762356e-08
"3","NLVPMVATV","top.distance","NLVPMVATV","True receptor pairs vs Negative receptor pairs",0.290363135635572
"4","RPIIRPATL","top.distance","RPIIRPATL","True receptor pairs vs Negative receptor pairs",0.120579594119618
"5","YLQPRTFLL","top.distance","YLQPRTFLL","True receptor pairs vs Negative receptor pairs",0.153442788128007
"6","GILGFVFTL","top.kdist","GILGFVFTL","True receptor pairs vs Negative receptor pairs",1.60278167212851e-16
"7","GLCTLVAML","top.kdist","GLCTLVAML","True receptor pairs vs Negative receptor pairs",1.46029755663429e-11
"8","NLVPMVATV","top.kdist","NLVPMVATV","True receptor pairs vs Negative receptor pairs",0.0580428123583739
"9","RPIIRPATL","top.kdist","RPIIRPATL","True receptor pairs vs Negative receptor pairs",5.62094434872829e-05
"10","YLQPRTFLL","top.kdist","YLQPRTFLL","True receptor pairs vs Negative receptor pairs",2.74370121653069e-07
"11","GILGFVFTL","top.corr","GILGFVFTL","True receptor pairs vs Negative receptor pairs",1.05839851098852e-13
"12","GLCTLVAML","top.corr","GLCTLVAML","True receptor pairs vs Negative receptor pairs",1.24397418776802e-10
"13","NLVPMVATV","top.corr","NLVPMVATV","True receptor pairs vs Negative receptor pairs",0.538589442100263
"14","RPIIRPATL","top.corr","RPIIRPATL","True receptor pairs vs Negative receptor pairs",0.00156909924257405
"15","YLQPRTFLL","top.corr","YLQPRTFLL","True receptor pairs vs Negative receptor pairs",0.730134550176355
"16","GILGFVFTL","top.shapSim","GILGFVFTL","True receptor pairs vs Negative receptor pairs",2.75044954397244e-18
"17","GLCTLVAML","top.shapSim","GLCTLVAML","True receptor pairs vs Negative receptor pairs",2.98370269689118e-05
"18","NLVPMVATV","top.shapSim","NLVPMVATV","True receptor pairs vs Negative receptor pairs",0.183596182806208
"19","RPIIRPATL","top.shapSim","RPIIRPATL","True receptor pairs vs Negative receptor pairs",0.115978149209174
"20","YLQPRTFLL","top.shapSim","YLQPRTFLL","True receptor pairs vs Negative receptor pairs",0.0838675309843459
"21","GILGFVFTL","top.med_scr","GILGFVFTL","True receptor pairs vs Negative receptor pairs",2.6695816605256e-10
"22","GLCTLVAML","top.med_scr","GLCTLVAML","True receptor pairs vs Negative receptor pairs",2.36433759398609e-08
"23","NLVPMVATV","top.med_scr","NLVPMVATV","True receptor pairs vs Negative receptor pairs",0.219901135099803
"24","RPIIRPATL","top.med_scr","RPIIRPATL","True receptor pairs vs Negative receptor pairs",4.72070005483166e-07
"25","YLQPRTFLL","top.med_scr","YLQPRTFLL","True receptor pairs vs Negative receptor pairs",0.000180338335096399
"26","GILGFVFTL","top.patDist","GILGFVFTL","True receptor pairs vs Negative receptor pairs",9.67388135950451e-27
"27","GLCTLVAML","top.patDist","GLCTLVAML","True receptor pairs vs Negative receptor pairs",2.28495797872617e-09
"28","NLVPMVATV","top.patDist","NLVPMVATV","True receptor pairs vs Negative receptor pairs",0.527475999775513
"29","RPIIRPATL","top.patDist","RPIIRPATL","True receptor pairs vs Negative receptor pairs",0.00273141061709126
"30","YLQPRTFLL","top.patDist","YLQPRTFLL","True receptor pairs vs Negative receptor pairs",0.361283101484777
"31","GILGFVFTL","avg.distance","GILGFVFTL","True receptor pairs vs Negative receptor pairs",1.6590995590258e-40
"32","GLCTLVAML","avg.distance","GLCTLVAML","True receptor pairs vs Negative receptor pairs",5.84311698147897e-13
"33","NLVPMVATV","avg.distance","NLVPMVATV","True receptor pairs vs Negative receptor pairs",0.296872548688767
"34","RPIIRPATL","avg.distance","RPIIRPATL","True receptor pairs vs Negative receptor pairs",0.00724899117738663
"35","YLQPRTFLL","avg.distance","YLQPRTFLL","True receptor pairs vs Negative receptor pairs",0.162199077626911
"36","GILGFVFTL","avg.kdist","GILGFVFTL","True receptor pairs vs Negative receptor pairs",1.03556873833985e-12
"37","GLCTLVAML","avg.kdist","GLCTLVAML","True receptor pairs vs Negative receptor pairs",1.39713508093626e-10
"38","NLVPMVATV","avg.kdist","NLVPMVATV","True receptor pairs vs Negative receptor pairs",0.0845805499322301
"39","RPIIRPATL","avg.kdist","RPIIRPATL","True receptor pairs vs Negative receptor pairs",7.71015067394088e-07
"40","YLQPRTFLL","avg.kdist","YLQPRTFLL","True receptor pairs vs Negative receptor pairs",6.28969335408429e-06
"41","GILGFVFTL","avg.corr","GILGFVFTL","True receptor pairs vs Negative receptor pairs",5.99383662734637e-14
"42","GLCTLVAML","avg.corr","GLCTLVAML","True receptor pairs vs Negative receptor pairs",2.1547997925148e-08
"43","NLVPMVATV","avg.corr","NLVPMVATV","True receptor pairs vs Negative receptor pairs",0.794025288374866
"44","RPIIRPATL","avg.corr","RPIIRPATL","True receptor pairs vs Negative receptor pairs",0.0393680759769637
"45","YLQPRTFLL","avg.corr","YLQPRTFLL","True receptor pairs vs Negative receptor pairs",0.204259889345557
"46","GILGFVFTL","count","GILGFVFTL","True receptor pairs vs Negative receptor pairs",4.25179423621904e-40
"47","GLCTLVAML","count","GLCTLVAML","True receptor pairs vs Negative receptor pairs",1.18284195903982e-14
"48","NLVPMVATV","count","NLVPMVATV","True receptor pairs vs Negative receptor pairs",0.315119049685705
"49","RPIIRPATL","count","RPIIRPATL","True receptor pairs vs Negative receptor pairs",0.000301758577369211
"50","YLQPRTFLL","count","YLQPRTFLL","True receptor pairs vs Negative receptor pairs",4.32955995342823e-07
"51","GILGFVFTL","CDR3.similarity","GILGFVFTL","True receptor pairs vs Negative receptor pairs",5.12878974990674e-43
"52","GLCTLVAML","CDR3.similarity","GLCTLVAML","True receptor pairs vs Negative receptor pairs",1.26465719120729e-11
"53","NLVPMVATV","CDR3.similarity","NLVPMVATV","True receptor pairs vs Negative receptor pairs",0.904202580810209
"54","RPIIRPATL","CDR3.similarity","RPIIRPATL","True receptor pairs vs Negative receptor pairs",7.64161240576217e-31
"55","YLQPRTFLL","CDR3.similarity","YLQPRTFLL","True receptor pairs vs Negative receptor pairs",2.27320088675577e-19
"56","GILGFVFTL","CDR.similarity","GILGFVFTL","True receptor pairs vs Negative receptor pairs",2.48443550635044e-61
"57","GLCTLVAML","CDR.similarity","GLCTLVAML","True receptor pairs vs Negative receptor pairs",2.84431407360686e-42
"58","NLVPMVATV","CDR.similarity","NLVPMVATV","True receptor pairs vs Negative receptor pairs",0.55104518911687
"59","RPIIRPATL","CDR.similarity","RPIIRPATL","True receptor pairs vs Negative receptor pairs",1.96875407945812e-28
"60","YLQPRTFLL","CDR.similarity","YLQPRTFLL","True receptor pairs vs Negative receptor pairs",5.80740730920518e-12
"61","GILGFVFTL","full.similarity","GILGFVFTL","True receptor pairs vs Negative receptor pairs",1.12041834687785e-93
"62","GLCTLVAML","full.similarity","GLCTLVAML","True receptor pairs vs Negative receptor pairs",2.1979789456263e-28
"63","NLVPMVATV","full.similarity","NLVPMVATV","True receptor pairs vs Negative receptor pairs",0.776193413343604
"64","RPIIRPATL","full.similarity","RPIIRPATL","True receptor pairs vs Negative receptor pairs",2.86918182751244e-13
"65","YLQPRTFLL","full.similarity","YLQPRTFLL","True receptor pairs vs Negative receptor pairs",7.27220856057595e-05
