"epitope",".metric","all.features","limited.features","tuned.features"
"GILGFVFTL","accuracy",0.614,0.58,0.619
"GLCTLVAML","accuracy",0.628,0.598,0.627
"NLVPMVATV","accuracy",0.602,0.597,0.606
"RPIIRPATL","accuracy",0.629,0.607,0.632
"YLQPRTFLL","accuracy",0.607,0.597,0.608
"GILGFVFTL","kap",0.086,0.065,0.088
"GLCTLVAML","kap",0.064,0.046,0.062
"NLVPMVATV","kap",0.026,0.008,0.022
"RPIIRPATL","kap",0.083,0.063,0.079
"YLQPRTFLL","kap",0.052,0.043,0.054
"GILGFVFTL","sens",0.636,0.624,0.636
"GLCTLVAML","sens",0.489,0.492,0.485
"NLVPMVATV","sens",0.46,0.411,0.442
"RPIIRPATL","sens",0.553,0.537,0.537
"YLQPRTFLL","sens",0.518,0.508,0.523
"GILGFVFTL","spec",0.612,0.576,0.617
"GLCTLVAML","spec",0.645,0.61,0.644
"NLVPMVATV","spec",0.614,0.612,0.619
"RPIIRPATL","spec",0.637,0.614,0.643
"YLQPRTFLL","spec",0.616,0.606,0.616
"GILGFVFTL","f_meas",0.208,0.191,0.209
"GLCTLVAML","f_meas",0.219,0.208,0.217
"NLVPMVATV","f_meas",0.152,0.136,0.148
"RPIIRPATL","f_meas",0.226,0.211,0.222
"YLQPRTFLL","f_meas",0.188,0.181,0.19
"GILGFVFTL","precision",0.124,0.113,0.125
"GLCTLVAML","precision",0.141,0.131,0.14
"NLVPMVATV","precision",0.091,0.082,0.089
"RPIIRPATL","precision",0.142,0.131,0.14
"YLQPRTFLL","precision",0.115,0.11,0.116
"GILGFVFTL","recall",0.636,0.624,0.636
"GLCTLVAML","recall",0.489,0.492,0.485
"NLVPMVATV","recall",0.46,0.411,0.442
"RPIIRPATL","recall",0.553,0.537,0.537
"YLQPRTFLL","recall",0.518,0.508,0.523
"GILGFVFTL","bal_accuracy",0.624,0.6,0.627
"GLCTLVAML","bal_accuracy",0.567,0.551,0.564
"NLVPMVATV","bal_accuracy",0.537,0.512,0.531
"RPIIRPATL","bal_accuracy",0.595,0.576,0.59
"YLQPRTFLL","bal_accuracy",0.567,0.557,0.569
"GILGFVFTL","roc_auc",0.683,0.653,0.684
"GLCTLVAML","roc_auc",0.591,0.585,0.594
"NLVPMVATV","roc_auc",0.53,0.529,0.531
"RPIIRPATL","roc_auc",0.625,0.62,0.625
"YLQPRTFLL","roc_auc",0.591,0.587,0.591
"GILGFVFTL","pr_auc",0.233,0.209,0.236
"GLCTLVAML","pr_auc",0.171,0.154,0.171
"NLVPMVATV","pr_auc",0.08,0.08,0.08
"RPIIRPATL","pr_auc",0.186,0.178,0.186
"YLQPRTFLL","pr_auc",0.137,0.136,0.137
"GILGFVFTL","mn_log_loss",0.673,0.682,0.673
"GLCTLVAML","mn_log_loss",0.671,0.679,0.671
"NLVPMVATV","mn_log_loss",0.676,0.675,0.676
"RPIIRPATL","mn_log_loss",0.666,0.669,0.665
"YLQPRTFLL","mn_log_loss",0.675,0.676,0.674
