".pred_class",".pred_No",".pred_Yes","id",".row","shared.specificity",".config","top.ref.coordinate","top.samp.coordinate","top.euc.dist","top.kas","top.spearman","top.sg.id","top.sg.euc.dist","top.sg.cosine.sim","top.sg.median.kas","pair.id","ref.id","samp.id","ref.epitope","samp.epitope","binding.pair.type","avg.euc.dist","avg.kas","avg.spearman","kernel.count","CDR3a.ref","CDR3b.ref","CDR3a.samp","CDR3b.samp","CDR3.similarity","CDR.similarity","full.similarity","pca1","pca2","Dataset","Approach","Model","Epitopes","Feature"
"Yes",0.0749967639105334,0.925003236089467,"train/test split",48481,"No","Preprocessor1_Model1","[-14.21875, -9.8125, -14.21875]","[-14.21875, -9.8125, -14.21875]",0,0.74418,0.81746,0,0.3046875,0.99912057516216,0.2577655,"vdj_KLVALGINAV_32_vdj_YLQPRTFLL_137","vdj_KLVALGINAV_32","vdj_YLQPRTFLL_137","KLVALGINAV","YLQPRTFLL","Unlikely receptor pairs",0.643662711558025,0.241907,0.8042429,20,"CALSEPYSGAGSYQLTF","CATSSGDLSSGANVLTF","CALSPFPRGAGSYQLTF","CATSRDMRGSVELFF",0.617647058823529,0.752380952380952,0.94017094017094,-7.21997807803212,1.63929826894811,"CDR3","Combined","Model 2","All","All features"
"Yes",0.0631286793191201,0.93687132068088,"train/test split",43255,"No","Preprocessor1_Model1","[22.34375, -9.8125, -2.03125]","[22.34375, -9.8125, 0.0]",2.03125,0.527865,0.802198,0,1.41054513816664,0.997225460847,0.130933,"vdj_HPNGYKSLSTL_26_vdj_KLVALGINAV_6","vdj_HPNGYKSLSTL_26","vdj_KLVALGINAV_6","HPNGYKSLSTL","KLVALGINAV","Unlikely receptor pairs",1.81512332185948,0.135226733333333,0.798819566666667,30,"CAYRSASNAGNMLTF","CASSLYRGSNQPQHF","CAYLVYDMRF","CASSLAQGQPQHF",0.533333333333333,0.711340206185567,0.939130434782609,-6.69098679989151,0.663161942685798,"CDR3","Combined","Model 2","All","All features"
"Yes",0.0644148286838452,0.935585171316155,"train/test split",20053,"No","Preprocessor1_Model1","[-20.3125, -9.8125, 4.0625]","[-20.3125, -9.8125, 4.0625]",0,0.85572,0.987179,0,0.114904851942814,0.999890172728804,0.606675,"iedb_GLCTLVAML_31_vdj_KLVALGINAV_8","iedb_GLCTLVAML_31","vdj_KLVALGINAV_8","GLCTLVAML","KLVALGINAV","Unlikely receptor pairs",0.114904851942814,0.5193936,0.92354064,25,"CAEDDNARLMF","CSARDRVGNGHTF","CAEIGTDKLIF","CSANSRTGLGYTF",0.541666666666667,0.741176470588235,0.933035714285714,-11.50862363179,4.77193538515399,"CDR3","Combined","Model 2","All","All features"
"Yes",0.0962271301769854,0.903772869823015,"train/test split",49209,"No","Preprocessor1_Model1","[-14.21875, -15.90625, -2.03125]","[-14.21875, -15.90625, 0.0]",2.03125,0.574836,0.967033,0,1.56247296689418,0.999232821778774,-0.011848,"vdj_KLVALGINAV_8_vdj_NLVPMVATV_489","vdj_KLVALGINAV_8","vdj_NLVPMVATV_489","KLVALGINAV","NLVPMVATV","Unlikely receptor pairs",1.89126427042004,0.0241765294117647,0.792250176470588,17,"CAEIGTDKLIF","CSANSRTGLGYTF","CAEEMDSSYKLIF","CSAPFPGQGDYGYTF",0.458333333333333,0.694117647058824,0.928571428571429,-4.75640231711505,0.186768189596277,"CDR3","Combined","Model 2","All","All features"
"Yes",0.0827619593199428,0.917238040680057,"train/test split",20738,"No","Preprocessor1_Model1","[-14.21875, -15.90625, -2.03125]","[-14.21875, -15.90625, -2.03125]",0,0.485586,0.916972,0,0.614139098725283,0.996810365142289,0.193964,"iedb_GLCTLVAML_54_vdj_KLVALGINAV_8","iedb_GLCTLVAML_54","vdj_KLVALGINAV_8","GLCTLVAML","KLVALGINAV","Unlikely receptor pairs",1.3630813050401,0.158676684210526,0.845800315789474,19,"CAEIASGTYKYIF","CSAEISGTQLYNEQFF","CAEIGTDKLIF","CSANSRTGLGYTF",0.551724137931034,0.726315789473684,0.921397379912664,-6.43381735226622,1.20389138259578,"CDR3","Combined","Model 2","All","All features"
"Yes",0.0664491299109653,0.933550870089035,"train/test split",22114,"No","Preprocessor1_Model1","[-14.21875, -9.8125, -2.03125]","[-14.21875, -9.8125, -2.03125]",0,0.711442,0.977411,0,0.225694444444444,0.99898600719998,0.452048,"iedb_GLCTLVAML_82_vdj_HPNGYKSLSTL_13","iedb_GLCTLVAML_82","vdj_HPNGYKSLSTL_13","GLCTLVAML","HPNGYKSLSTL","Unlikely receptor pairs",0.259510223704753,0.34282662962963,0.890539333333333,27,"CALNPTGGGNKLTF","CASSPVSGSSYEQYF","CALLLFSGGYNKLIF","CASSPREGGETQYF",0.586206896551724,0.747368421052632,0.91703056768559,-10.0060238477277,3.09874238233322,"CDR3","Combined","Model 2","All","All features"
"Yes",0.08654266341735,0.91345733658265,"train/test split",31684,"No","Preprocessor1_Model1","[-20.3125, -9.8125, -8.125]","[-20.3125, -9.8125, -8.125]",0,0.646416,0.946276,0,0.473764841456181,0.998364249748515,0.19565,"iedb_SPRWYFYYL_330_iedb_TTDPSFLGRY_190","iedb_SPRWYFYYL_330","iedb_TTDPSFLGRY_190","SPRWYFYYL","TTDPSFLGRY","Unlikely receptor pairs",0.706235597429575,0.18298284,0.8128448,25,"CATEAEKGGSEKLVF","CASSLWNTGELFF","CATDANYGQNFVF","CASSPRDWYNEQFF",0.464285714285714,0.666666666666667,0.906666666666667,-7.55606634332273,1.16865918964379,"CDR3","Combined","Model 2","All","All features"
"Yes",0.106323342936139,0.893676657063861,"train/test split",20753,"No","Preprocessor1_Model1","[-14.21875, -15.90625, -2.03125]","[-14.21875, -15.90625, 0.0]",2.03125,0.618811,0.937118,0,1.65526623569599,0.998914961144363,0.1073485,"iedb_GLCTLVAML_54_vdj_NLVPMVATV_489","iedb_GLCTLVAML_54","vdj_NLVPMVATV_489","GLCTLVAML","NLVPMVATV","Unlikely receptor pairs",2.77405624932306,0.13354225,0.778044875,16,"CAEIASGTYKYIF","CSAEISGTQLYNEQFF","CAEEMDSSYKLIF","CSAPFPGQGDYGYTF",0.448275862068966,0.663157894736842,0.903930131004367,-5.24608751468907,1.20435049017092,"CDR3","Combined","Model 2","All","All features"
"Yes",0.0875730351088482,0.912426964891152,"train/test split",45211,"No","Preprocessor1_Model1","[16.25, -9.8125, 4.0625]","[16.25, -9.8125, 4.0625]",0,0.677318,0.948718,0,1.82885936104994,0.997323736189184,0.148636,"vdj_HPNGYKSLSTL_48_vdj_KLVALGINAV_6","vdj_HPNGYKSLSTL_48","vdj_KLVALGINAV_6","HPNGYKSLSTL","KLVALGINAV","Unlikely receptor pairs",2.18129184718989,0.131049730769231,0.829881538461538,26,"CAYRSANNYQLIW","CASSLYGSSYNEQFF","CAYLVYDMRF","CASSLAQGQPQHF",0.392857142857143,0.634408602150538,0.903508771929825,-7.15649054518109,1.29568940802548,"CDR3","Combined","Model 2","All","All features"
"Yes",0.10543327762645,0.89456672237355,"train/test split",48114,"No","Preprocessor1_Model1","[-26.40625, -9.8125, -8.125]","[-26.40625, -9.8125, -8.125]",0,0.949979,0.705128,0,1.5831219218272,0.998648288531343,0.090529,"vdj_KLVALGINAV_2_vdj_RPIIRPATL_89","vdj_KLVALGINAV_2","vdj_RPIIRPATL_89","KLVALGINAV","RPIIRPATL","Unlikely receptor pairs",2.14364572701347,0.178122136363636,0.774891818181818,22,"CATHTGKLIF","CASSWSASYEQYF","CAPNYGGSQGNLIF","CASGRIAGELFF",0.347826086956522,0.63855421686747,0.903508771929825,-6.29637150365323,1.13890715249252,"CDR3","Combined","Model 2","All","All features"
"Yes",0.10954608158245,0.89045391841755,"train/test split",53887,"No","Preprocessor1_Model1","[-20.3125, -9.8125, 4.0625]","[-20.3125, -9.8125, 2.03125]",2.03125,0.537122,0.926129,0,1.5269501574187,0.999177609564908,0.113776,"vdj_QYIKWPWYI_8_vdj_RPIIRPATL_20","vdj_QYIKWPWYI_8","vdj_RPIIRPATL_20","QYIKWPWYI","RPIIRPATL","Unlikely receptor pairs",2.25266349962378,0.103814473684211,0.780251842105263,19,"CAARSGNTPLVF","CASSLGETIYGYTF","CAASGGSNYKLTF","CASRQEGRPMNTEAFF",0.346153846153846,0.609195402298851,0.902222222222222,-5.40389262389975,0.817044368783933,"CDR3","Combined","Model 2","All","All features"
"Yes",0.111584564585712,0.888415435414288,"train/test split",30502,"No","Preprocessor1_Model1","[16.25, -9.8125, -2.03125]","[16.25, -9.8125, 0.0]",2.03125,0.339014,0.647131,0,0.421055881588088,0.996694061741469,0.069609,"iedb_SPRWYFYYL_170_iedb_TTDPSFLGRY_294","iedb_SPRWYFYYL_170","iedb_TTDPSFLGRY_294","SPRWYFYYL","TTDPSFLGRY","Unlikely receptor pairs",2.04391627611845,0.013572375,0.7808684375,16,"CATVSFSGSARQLTF","CASSTLNKGGWDEQFF","CAPGGSYIPTF","CASSFTQGAEAFF",0.451612903225806,0.645833333333333,0.899122807017544,-3.53975375742175,-0.453698257736,"CDR3","Combined","Model 2","All","All features"
"Yes",0.0846825356562995,0.915317464343701,"train/test split",18459,"No","Preprocessor1_Model1","[-20.3125, -9.8125, -8.125]","[-20.3125, -9.8125, -8.125]",0,0.802169,0.973748,0,0.310278562679302,0.998579058550045,0.306215,"iedb_GLCTLVAML_111_vdj_YLQPRTFLL_44","iedb_GLCTLVAML_111","vdj_YLQPRTFLL_44","GLCTLVAML","YLQPRTFLL","Unlikely receptor pairs",0.560483954572301,0.2369448,0.8585876,30,"CVVNGMDSSYKLIF","CASTPGTVLPDTQYF","CVVNKGNDMRF","CASQDTNTGELFF",0.379310344827586,0.608695652173913,0.898230088495575,-9.41878688278366,2.09722715637217,"CDR3","Combined","Model 2","All","All features"
"Yes",0.110827520736791,0.889172479263209,"train/test split",53461,"No","Preprocessor1_Model1","[-20.3125, -9.8125, -8.125]","[-20.3125, -9.8125, -8.125]",0,0.557087,0.905983,0,0.197478829534628,0.999496518067351,0.107579,"vdj_QYIKWPWYI_72_vdj_RPIIRPATL_53","vdj_QYIKWPWYI_72","vdj_RPIIRPATL_53","QYIKWPWYI","RPIIRPATL","Unlikely receptor pairs",0.389842230372624,0.136468565217391,0.806099608695652,23,"CAMRVVNRDDKIIF","CASSIRAGGRRDEQFF","CAMREGGGGSNYKLTF","CASSIIPDMNTEAFF",0.4,0.628865979381443,0.895652173913044,-6.81237836215713,0.346668982686646,"Full","Combined","Model 2","All","All features"
"Yes",0.116474184232796,0.883525815767204,"train/test split",31431,"No","Preprocessor1_Model1","[16.25, -9.8125, 10.15625]","[16.25, -9.8125, 10.15625]",0,0.329985,0.907204,0,0.897694155803234,0.998389431765473,-0.007948,"iedb_SPRWYFYYL_294_vdj_QYIKWPWYI_65","iedb_SPRWYFYYL_294","vdj_QYIKWPWYI_65","SPRWYFYYL","QYIKWPWYI","Unlikely receptor pairs",1.36246738767964,0.0065473125,0.756295875,16,"CVVSAVTGGFKTIF","CASSGTGPNYGYTF","CVVSVLTGGGADGLTF","CASSLAGTGFGHEQYF",0.428571428571429,0.648351648351648,0.893805309734513,-3.94780776498567,-0.742895186054432,"CDR3","Combined","Model 2","All","All features"
"Yes",0.117069970010136,0.882930029989864,"train/test split",24093,"No","Preprocessor1_Model1","[-20.3125, -9.8125, -8.125]","[-20.3125, -9.8125, -8.125]",0,0.549427,0.956044,0,0.491889637725944,0.998999104366135,-0.004635,"iedb_NLVPMVATV_128_vdj_QMMVKAGL_13","iedb_NLVPMVATV_128","vdj_QMMVKAGL_13","NLVPMVATV","QMMVKAGL","Unlikely receptor pairs",0.657721810952261,0.0682947777777778,0.771842444444444,18,"CALSDVGMNRDDKIIF","CASSQGLGREGASEQFF","CALSEAPSNFGNEKLTF","CASSHRDRGISGANVLTF",0.393939393939394,0.611650485436893,0.892703862660944,-5.24164176940448,-0.220435678235261,"CDR3","Combined","Model 2","All","All features"
"Yes",0.11815081825362,0.88184918174638,"train/test split",53467,"No","Preprocessor1_Model1","[-20.3125, -9.8125, -8.125]","[-20.3125, -9.8125, -8.125]",0,0.47023,0.898657,0,0.441576086956521,0.9981908365623,-0.053093,"vdj_QYIKWPWYI_72_vdj_RPIIRPATL_82","vdj_QYIKWPWYI_72","vdj_RPIIRPATL_82","QYIKWPWYI","RPIIRPATL","Unlikely receptor pairs",1.06207712329633,0.00546808695652174,0.779954347826087,23,"CAMRVVNRDDKIIF","CASSIRAGGRRDEQFF","CAMRESASGGSYIPTF","CASSIIPDMNTEAFF",0.4,0.628865979381443,0.891304347826087,-5.31118505893092,-0.952782367347582,"Full","Combined","Model 2","All","All features"
"Yes",0.0860423029808216,0.913957697019178,"train/test split",23774,"No","Preprocessor1_Model1","[22.34375, -9.8125, 4.0625]","[22.34375, -9.8125, 4.0625]",0,0.733269,0.968254,0,0.433544870242849,0.999009315224679,0.372453,"iedb_NLVPMVATV_127_vdj_RPIIRPATL_9","iedb_NLVPMVATV_127","vdj_RPIIRPATL_9","NLVPMVATV","RPIIRPATL","Unlikely receptor pairs",0.628654512919338,0.341622233333333,0.8679283,30,"CALSDAYNFNKFYF","CASSDDRVRYGYTF","CALPDGGSNYKLTF","CASSSRGSGGASSYEQYF",0.321428571428571,0.591397849462366,0.890350877192982,-10.1758100874705,2.74350845681252,"Full","Combined","Model 2","All","All features"
"Yes",0.0981481441343734,0.901851855865627,"train/test split",30722,"No","Preprocessor1_Model1","[16.25, -9.8125, 10.15625]","[16.25, -9.8125, 10.15625]",0,0.560383,0.921856,0,0.660785316361723,0.998506193241837,0.146935,"iedb_SPRWYFYYL_23_iedb_TTDPSFLGRY_304","iedb_SPRWYFYYL_23","iedb_TTDPSFLGRY_304","SPRWYFYYL","TTDPSFLGRY","Unlikely receptor pairs",1.32062547377014,0.137242034482759,0.793924413793103,29,"CAAPRNNNARLMF","CASKALVGTAEAKNIQYF","CCAGGRNYQLIWF","CASSFRDHTDTQYF",0.354838709677419,0.583333333333333,0.885964912280702,-7.49564798988002,0.487927346127475,"Full","Combined","Model 2","All","All features"
"Yes",0.106609088583701,0.893390911416299,"train/test split",31722,"No","Preprocessor1_Model1","[22.34375, -9.8125, 10.15625]","[22.34375, -9.8125, 10.15625]",0,0.843943,0.935287,0,0.0883152173913042,0.999522281587544,0.151997,"iedb_SPRWYFYYL_330_iedb_YLQPRTFLL_184","iedb_SPRWYFYYL_330","iedb_YLQPRTFLL_184","SPRWYFYYL","YLQPRTFLL","Unlikely receptor pairs",0.514738808571335,0.254859086956522,0.850400739130435,23,"CATEAEKGGSEKLVF","CASSLWNTGELFF","CATRNTDKLIF","CASSFGRGGSQPQHF",0.357142857142857,0.6,0.884444444444444,-8.17084857347759,1.68188806733268,"CDR3","Combined","Model 2","All","All features"
"Yes",0.115573527934694,0.884426472065306,"train/test split",45522,"No","Preprocessor1_Model1","[-8.125, -9.8125, -14.21875]","[-8.125, -9.8125, -14.21875]",0,0.838695,0.956044,0,0.5149617841915,0.99929480806605,0.021882,"vdj_HPNGYKSLSTL_51_vdj_QMMVKAGL_13","vdj_HPNGYKSLSTL_51","vdj_QMMVKAGL_13","HPNGYKSLSTL","QMMVKAGL","Unlikely receptor pairs",0.914872668753579,0.123990739130435,0.79808352173913,23,"CALGSFSGGYNKLIF","CASSQLEQGGETQYF","CALSEAPSNFGNEKLTF","CASSHRDRGISGANVLTF",0.333333333333333,0.587628865979381,0.882608695652174,-6.86259017309005,0.563451927438186,"CDR3","Combined","Model 2","All","All features"
"Yes",0.109134072921454,0.890865927078546,"train/test split",30280,"No","Preprocessor1_Model1","[-20.3125, -9.8125, -8.125]","[-20.3125, -9.8125, -8.125]",0,0.761212,0.972527,0,0.92639253289305,0.998733459662248,0.169415,"iedb_SPRWYFYYL_134_iedb_TTDPSFLGRY_212","iedb_SPRWYFYYL_134","iedb_TTDPSFLGRY_212","SPRWYFYYL","TTDPSFLGRY","Unlikely receptor pairs",1.34877691005438,0.15624916,0.84026848,25,"CALTRSGYSTLTF","CASSGLTDANTEAFF","CALSESMEYGNKLVF","CASTRGAEGGSYNSPLHF",0.285714285714286,0.56989247311828,0.881578947368421,-7.72747282685771,1.4123978307409,"CDR3","Combined","Model 2","All","All features"
"Yes",0.169584222123793,0.830415777876207,"train/test split",49519,"No","Preprocessor1_Model1","[10.15625, -9.8125, 10.15625]","[10.15625, -9.8125, 10.15625]",0,0.423196,0.903541,0,0.5078125,0.99693095081171,0.0453345,"vdj_NLVPMVATV_230_vdj_QYIKWPWYI_14","vdj_NLVPMVATV_230","vdj_QYIKWPWYI_14","NLVPMVATV","QYIKWPWYI","Unlikely receptor pairs",0.617886198155566,0.0483635,0.744403833333333,12,"CAMRELLNSGGSNYKLTF","CASRKLAGPTDTQYF","CAMREGQGNAGNMLTF","CASSQDYWGGGADTQYF",0.515151515151515,0.611650485436893,0.836909871244635,-4.07500076987387,-0.243952750405956,"Full","Combined","Model 2","All","All features"
"Yes",0.163540071901504,0.836459928098496,"train/test split",25350,"No","Preprocessor1_Model1","[-14.21875, -9.8125, -2.03125]","[-14.21875, -9.8125, -2.03125]",0,0.306206,0.849817,0,2.08691099058846,0.988566114984615,0.1364795,"iedb_RFPLTFGWCF_15_vdj_YLQPRTFLL_152","iedb_RFPLTFGWCF_15","vdj_YLQPRTFLL_152","RFPLTFGWCF","YLQPRTFLL","Unlikely receptor pairs",4.73890591117367,0.087228,0.77035,6,"CAVGRPDTSGTYKYIF","CSAYSTGQGIYEQYF","CAVNPPSGTYKYIF","CSARDKQGWNTGELFF",0.548387096774194,0.64,0.832618025751073,-2.72896009084952,1.30680288496745,"Full","Combined","Model 2","All","All features"
"Yes",0.168536358646879,0.831463641353121,"train/test split",19408,"No","Preprocessor1_Model1","[16.25, -9.8125, -2.03125]","[16.25, -9.8125, -2.03125]",0,0.480859,0.933455,0,0.69093105153496,0.994845016562843,-0.075489,"iedb_GLCTLVAML_25_vdj_QYIKWPWYI_93","iedb_GLCTLVAML_25","vdj_QYIKWPWYI_93","GLCTLVAML","QYIKWPWYI","Unlikely receptor pairs",2.52962803020428,-0.0204868181818182,0.721778181818182,11,"CAASDGAGGTSYGKLTF","CASSLWTGSHEQYF","CAARRGNKLVF","CASSLGGFGSPLHF",0.451612903225806,0.608247422680412,0.825327510917031,-3.01693986758207,-0.672746139359881,"CDR3","Combined","Model 2","All","All features"
"Yes",0.156176407846184,0.843823592153816,"train/test split",46968,"No","Preprocessor1_Model1","[16.25, -9.8125, 10.15625]","[16.25, -9.8125, 10.15625]",0,0.350101,0.687424,0,0.600851852971055,0.996428700219597,0.1169035,"vdj_KLVALGINAV_21_vdj_QYIKWPWYI_72","vdj_KLVALGINAV_21","vdj_QYIKWPWYI_72","KLVALGINAV","QYIKWPWYI","Unlikely receptor pairs",2.03978829402454,0.06378685,0.7684981,20,"CAYVQDDKIIF","CASSQGSYEQYF","CAMRVVNRDDKIIF","CASSIRAGGRRDEQFF",0.434782608695652,0.590361445783133,0.802690582959641,-4.65561063412509,-0.267174384985255,"Full","Combined","Model 2","All","All features"
"Yes",0.164434777633164,0.835565222366836,"train/test split",38407,"No","Preprocessor1_Model1","[10.15625, -9.8125, -2.03125]","[10.15625, -9.8125, -2.03125]",0,0.248339,0.82967,0,1.29179266858545,0.998847930644138,0.03965,"iedb_VLFGLGFAI_39_vdj_HPNGYKSLSTL_35","iedb_VLFGLGFAI_39","vdj_HPNGYKSLSTL_35","VLFGLGFAI","HPNGYKSLSTL","Unlikely receptor pairs",1.52244092638074,-0.0208624666666667,0.7827432,15,"CAVMAPHTGGFKTIF","CASSWETETEAFF","CAVNDMNSGGYQKVTF","CASGAPGTPYNEQFF",0.392857142857143,0.543478260869565,0.802631578947368,-3.60635839057815,-0.709504182739287,"CDR3","Combined","Model 2","All","All features"
"Yes",0.148962027018293,0.851037972981707,"train/test split",54295,"No","Preprocessor1_Model1","[-14.21875, -9.8125, 4.0625]","[-14.21875, -9.8125, 4.0625]",0,0.427303,0.937118,0,0.76171875,0.999076113673882,0.062023,"vdj_RPIIRPATL_30_vdj_SPRWYFYYL_391","vdj_RPIIRPATL_30","vdj_SPRWYFYYL_391","RPIIRPATL","SPRWYFYYL","Unlikely receptor pairs",1.07439022542838,0.0588509375,0.7582035625,16,"CAMSLEGGAGNKLTF","CASSLRQALRNEQFF","CAISNFNAGNMLTF","CASSLSGSYEQYF",0.566666666666667,0.639175257731959,0.795652173913043,-4.71114066299353,-0.149398676876111,"CDR3","Combined","Model 2","All","All features"
"Yes",0.15411870190938,0.84588129809062,"train/test split",54286,"No","Preprocessor1_Model1","[16.25, -9.8125, 10.15625]","[16.25, -9.8125, 10.15625]",0,0.434265,0.899267,0,1.02352881570196,0.998127983806502,0.208588,"vdj_RPIIRPATL_46_vdj_YLQPRTFLL_147","vdj_RPIIRPATL_46","vdj_YLQPRTFLL_147","RPIIRPATL","YLQPRTFLL","Unlikely receptor pairs",1.94210866665662,0.1605021875,0.8132629375,16,"CAYRSAPDSSYKLIF","CASRGLSNTGELFF","CAMRDPHLWSGATNKLIF","CASADLDTGELFF",0.517241379310345,0.621052631578947,0.791304347826087,-5.80988483625648,1.24572876568916,"Full","Combined","Model 2","All","All features"
"Yes",0.234370169416623,0.765629830583377,"train/test split",40521,"No","Preprocessor1_Model1","[16.25, -9.8125, 10.15625]","[16.25, -9.8125, 10.15625]",0,0.578028,0.991453,0,0.261147390779122,0.999652746807978,0.053776,"mcpas_NLVPMVATV_342_vdj_QMMVKAGL_40","mcpas_NLVPMVATV_342","vdj_QMMVKAGL_40","NLVPMVATV","QMMVKAGL","Unlikely receptor pairs",0.261147390779123,0.144606272727273,0.833721727272727,11,"CATYLTGNQFYF","CASSQALPYEQYF","CAVNPGTYKYIF","CASAPRRDRGTDTQYF",0.28,0.416666666666667,0.789237668161435,-5.5988051079959,0.820029739503758,"Full","Combined","Model 2","All","All features"
"Yes",0.157156528597536,0.842843471402464,"train/test split",22989,"No","Preprocessor1_Model1","[16.25, -9.8125, -2.03125]","[18.28125, -9.8125, -2.03125]",2.03125,0.547818,0.921856,0,1.32976526862558,0.997566465130378,0.150965,"iedb_GLCTLVAML_98_vdj_KLVALGINAV_31","iedb_GLCTLVAML_98","vdj_KLVALGINAV_31","GLCTLVAML","KLVALGINAV","Unlikely receptor pairs",2.29261365598965,0.102299142857143,0.778795285714286,21,"CCAVNIDTMDSNYQLIWF","CASSVGGEAYEQYF","CALLSSNTGKLIF","CASSVEGIDEKLFF",0.40625,0.5,0.786026200873363,-5.89406001743924,0.915633713430508,"Full","Combined","Model 2","All","All features"
"Yes",0.222804710183915,0.777195289816085,"train/test split",15950,"No","Preprocessor1_Model1","[-20.3125, -9.8125, -8.125]","[-22.34375, -9.8125, -6.09375]",2.87262129857035,0.192321,0.78022,0,0.760024156688457,0.997083782316205,-0.0727235,"iedb_GILGFVFTL_533_iedb_VLFGLGFAI_5","iedb_GILGFVFTL_533","iedb_VLFGLGFAI_5","GILGFVFTL","VLFGLGFAI","Unlikely receptor pairs",3.29513209543548,-0.0636837,0.6998169,10,"CGDEKLTFF","CASGRAGGPGNEQSF","CAVISYNTDKLIF","CASRSSDPYEQYF",0.291666666666667,0.452380952380952,0.780701754385965,-1.41981650933095,-1.30245582741771,"CDR3","Combined","Model 2","All","All features"
"Yes",0.158654663164968,0.841345336835032,"train/test split",53647,"No","Preprocessor1_Model1","[16.25, -9.8125, 4.0625]","[16.25, -9.8125, 4.0625]",0,0.620087,0.910256,0,1.44704288307871,0.997083604520097,0.0248,"vdj_QYIKWPWYI_72_vdj_RPIIRPATL_87","vdj_QYIKWPWYI_72","vdj_RPIIRPATL_87","QYIKWPWYI","RPIIRPATL","Unlikely receptor pairs",2.05403648415412,0.0396518,0.8019535,20,"CAMRVVNRDDKIIF","CASSIRAGGRRDEQFF","CAPYSGGSNYKLTF","CASSLIGNEQFF",0.433333333333333,0.56701030927835,0.778260869565217,-5.36154180571144,0.262940637026177,"CDR3","Combined","Model 2","All","All features"
"Yes",0.201891059056279,0.798108940943721,"train/test split",48729,"No","Preprocessor1_Model1","[16.25, -9.8125, 10.15625]","[16.25, -9.8125, 10.15625]",0,0.569683,0.89011,0,0.607700889693998,0.997713042279686,0.065008,"vdj_KLVALGINAV_5_vdj_QYIKWPWYI_72","vdj_KLVALGINAV_5","vdj_QYIKWPWYI_72","KLVALGINAV","QYIKWPWYI","Unlikely receptor pairs",1.54242837595643,0.0883544444444444,0.794702222222222,18,"CAYLGGADGLTF","CASSMGANEQFF","CAMRVVNRDDKIIF","CASSIRAGGRRDEQFF",0.291666666666667,0.505882352941176,0.776785714285714,-5.55357082402943,0.328323934993854,"Full","Combined","Model 2","All","All features"
"Yes",0.159298001669722,0.840701998330278,"train/test split",49558,"No","Preprocessor1_Model1","[-14.21875, -9.8125, -8.125]","[-14.21875, -9.8125, -8.125]",0,0.673461,0.954823,0,0.493208732713588,0.99881361099007,3.1e-05,"vdj_NLVPMVATV_205_vdj_YLQPRTFLL_134","vdj_NLVPMVATV_205","vdj_YLQPRTFLL_134","NLVPMVATV","YLQPRTFLL","Unlikely receptor pairs",0.643256398946038,0.0608598095238095,0.796616,21,"CAVRDSNYQLIW","CASSDSTSGGNEQFF","CAVRNNNARLMF","CASRSAEAFF",0.481481481481482,0.556818181818182,0.771300448430493,-5.9830741728748,-0.0140686310798324,"CDR3","Combined","Model 2","All","All features"
"Yes",0.196859885504147,0.803140114495853,"train/test split",48080,"No","Preprocessor1_Model1","[16.25, -9.8125, 4.0625]","[16.25, -9.8125, 2.03125]",2.03125,0.486708,0.916361,0,1.32542953726403,0.997202044891194,0.094283,"vdj_KLVALGINAV_2_vdj_QYIKWPWYI_72","vdj_KLVALGINAV_2","vdj_QYIKWPWYI_72","KLVALGINAV","QYIKWPWYI","Unlikely receptor pairs",2.6145569606118,0.107186,0.7967796875,16,"CATHTGKLIF","CASSWSASYEQYF","CAMRVVNRDDKIIF","CASSIRAGGRRDEQFF",0.260869565217391,0.493975903614458,0.767543859649123,-4.92800887857058,0.882592612835087,"CDR3","Combined","Model 2","All","All features"
"Yes",0.167091193802209,0.832908806197791,"train/test split",54849,"No","Preprocessor1_Model1","[-20.3125, -9.8125, -8.125]","[-20.3125, -9.8125, -8.125]",0,0.705855,0.956044,0,0.205187235612167,0.998738888674732,0.202952,"vdj_SPRWYFYYL_391_vdj_YLQPRTFLL_49","vdj_SPRWYFYYL_391","vdj_YLQPRTFLL_49","SPRWYFYYL","YLQPRTFLL","Unlikely receptor pairs",0.205187235612168,0.249301142857143,0.837170714285714,14,"CAISNFNAGNMLTF","CASSLSGSYEQYF","CAMRGAGNEKLTF","CASSVEPGWDEQYF",0.555555555555556,0.615384615384615,0.766519823788546,-7.03136180416249,1.93873574893413,"Full","Combined","Model 2","All","All features"
"Yes",0.202662057795762,0.797337942204238,"train/test split",46888,"No","Preprocessor1_Model1","[-20.3125, -9.8125, -8.125]","[-20.3125, -9.8125, -8.125]",0,0.471394,0.863858,0,0.765465544619743,0.997757338504203,0.032841,"vdj_KLVALGINAV_1_vdj_QYIKWPWYI_14","vdj_KLVALGINAV_1","vdj_QYIKWPWYI_14","KLVALGINAV","QYIKWPWYI","Unlikely receptor pairs",1.58535380780343,0.0251297692307692,0.751761076923077,13,"CASYAGGTSYGKLTF","CASSPAPSASSYEQYF","CAMREGQGNAGNMLTF","CASSQDYWGGGADTQYF",0.387096774193548,0.535353535353535,0.766233766233766,-3.90038625240057,-0.29364821006888,"CDR3","Combined","Model 2","All","All features"
"Yes",0.219981964487372,0.780018035512628,"train/test split",53469,"No","Preprocessor1_Model1","[16.25, -9.8125, 10.15625]","[16.25, -9.8125, 10.15625]",0,0.485534,0.912088,0,0.662912607362388,0.997619732073078,0.034316,"vdj_QYIKWPWYI_72_vdj_RPIIRPATL_89","vdj_QYIKWPWYI_72","vdj_RPIIRPATL_89","QYIKWPWYI","RPIIRPATL","Unlikely receptor pairs",1.08857911409817,0.0330690769230769,0.791678384615385,13,"CAMRVVNRDDKIIF","CASSIRAGGRRDEQFF","CAPNYGGSQGNLIF","CASGRIAGELFF",0.4,0.54639175257732,0.765217391304348,-4.50248977125669,-0.0278733219772644,"Full","Combined","Model 2","All","All features"
"Yes",0.127766701785898,0.872233298214102,"train/test split",40009,"No","Preprocessor1_Model1","[-14.21875, -9.8125, 10.15625]","[-14.21875, -9.8125, 10.15625]",0,0.791126,0.974359,0,0.887663738685675,0.998000002497977,0.1224155,"iedb_YLQPRTFLL_184_vdj_HPNGYKSLSTL_44","iedb_YLQPRTFLL_184","vdj_HPNGYKSLSTL_44","YLQPRTFLL","HPNGYKSLSTL","Unlikely receptor pairs",1.8123391917883,0.147149125,0.804003833333333,24,"CATRNTDKLIF","CASSFGRGGSQPQHF","CAPRNTPLVF","CASSLYGGQPQHF",0.692307692307692,0.697674418604651,0.762331838565022,-7.20551046732934,1.18716490542529,"CDR3","Combined","Model 2","All","All features"
"Yes",0.175816777340448,0.824183222659552,"train/test split",47845,"No","Preprocessor1_Model1","[16.25, -15.90625, 4.0625]","[16.25, -15.90625, 2.03125]",2.03125,0.501968,0.949328,0,0.659364840703531,0.996087887821045,0.0844545,"vdj_KLVALGINAV_28_vdj_QYIKWPWYI_72","vdj_KLVALGINAV_28","vdj_QYIKWPWYI_72","KLVALGINAV","QYIKWPWYI","Unlikely receptor pairs",2.06327603943439,0.0573947272727273,0.771312045454545,22,"CAYRDDYKLSF","CASSIGQYEQYF","CAMRVVNRDDKIIF","CASSIRAGGRRDEQFF",0.347826086956522,0.542168674698795,0.762331838565022,-5.49078184840281,0.31482172292609,"CDR3","Combined","Model 2","All","All features"
"Yes",0.224120929284147,0.775879070715853,"train/test split",25502,"No","Preprocessor1_Model1","[-20.3125, -9.8125, -8.125]","[-20.3125, -9.8125, -6.09375]",2.03125,0.372365,0.649573,0,0.78125,0.993355806286611,-0.073778,"iedb_RFPLTFGWCF_15_vdj_YLQPRTFLL_138","iedb_RFPLTFGWCF_15","vdj_YLQPRTFLL_138","RFPLTFGWCF","YLQPRTFLL","Unlikely receptor pairs",2.43185514028028,-0.0501501538461539,0.605241076923077,13,"CAVGRPDTSGTYKYIF","CSAYSTGQGIYEQYF","CAVLPHGNNRLAF","CSARDRVGQNTGELFF",0.387096774193548,0.52,0.759656652360515,-1.2747566109325,-1.66252509665982,"CDR3","Combined","Model 2","All","All features"
"Yes",0.281998605202652,0.718001394797348,"train/test split",47941,"No","Preprocessor1_Model1","[16.25, -9.8125, 4.0625]","[16.25, -9.8125, 4.0625]",0,0.419941,0.713675,0,0.390914244763809,0.993014157225785,-0.067451,"vdj_KLVALGINAV_2_vdj_RPIIRPATL_82","vdj_KLVALGINAV_2","vdj_RPIIRPATL_82","KLVALGINAV","RPIIRPATL","Unlikely receptor pairs",3.45494148111641,-0.0561452307692308,0.798722615384615,13,"CATHTGKLIF","CASSWSASYEQYF","CAMRESASGGSYIPTF","CASSIIPDMNTEAFF",0.130434782608696,0.421686746987952,0.758771929824561,-2.93447382348021,-0.786753340631133,"Full","Combined","Model 2","All","All features"
"Yes",0.207094320905317,0.792905679094683,"train/test split",47871,"No","Preprocessor1_Model1","[16.25, -15.90625, -2.03125]","[16.25, -15.90625, -2.03125]",0,0.401958,0.784493,1,0.195457122381905,0.997972413877178,-0.080657,"vdj_KLVALGINAV_28_vdj_RPIIRPATL_53","vdj_KLVALGINAV_28","vdj_RPIIRPATL_53","KLVALGINAV","RPIIRPATL","Unlikely receptor pairs",0.899545857819492,-0.0285871052631579,0.771319263157895,19,"CAYRDDYKLSF","CASSIGQYEQYF","CAMREGGGGSNYKLTF","CASSIIPDMNTEAFF",0.260869565217391,0.493975903614458,0.757847533632287,-3.99322879801842,-1.37457361798985,"CDR3","Combined","Model 2","All","All features"
"Yes",0.195264507947775,0.804735492052225,"train/test split",49361,"No","Preprocessor1_Model1","[16.25, -9.8125, 10.15625]","[16.25, -9.8125, 10.15625]",0,0.573922,0.843712,0,0.331701736001889,0.997624915478463,0.051899,"vdj_NLVPMVATV_205_vdj_RPIIRPATL_5","vdj_NLVPMVATV_205","vdj_RPIIRPATL_5","NLVPMVATV","RPIIRPATL","Unlikely receptor pairs",1.00400808657136,0.0774274666666667,0.786609733333333,15,"CAVRDSNYQLIW","CASSDSTSGGNEQFF","CAVRDGGGFKTIF","CASSEETGNQPQHF",0.481481481481482,0.545454545454545,0.757847533632287,-5.00946382032186,0.136557902092163,"Full","Combined","Model 2","All","All features"
"Yes",0.17694296906622,0.82305703093378,"train/test split",12673,"No","Preprocessor1_Model1","[-14.21875, -15.90625, -2.03125]","[-14.21875, -15.90625, -4.0625]",2.03125,0.522453,0.921245,0,2.23832848289107,0.995454461781627,-0.050393,"iedb_GILGFVFTL_205_iedb_VLFGLGFAI_24","iedb_GILGFVFTL_205","iedb_VLFGLGFAI_24","GILGFVFTL","VLFGLGFAI","Unlikely receptor pairs",3.16580551641405,-0.0214875714285714,0.778344714285714,14,"CAASGGTGNQFYF","CASRLAGSHEQYF","CAASDGAGNMLTF","CASRGLIIQRSSYEQYF",0.538461538461538,0.620689655172414,0.754464285714286,-3.48525566029516,0.0964965426261088,"CDR3","Combined","Model 2","All","All features"
"Yes",0.219342789049276,0.780657210950724,"train/test split",47699,"No","Preprocessor1_Model1","[16.25, -15.90625, -2.03125]","[16.25, -15.90625, -2.03125]",0,0.445727,0.807692,0,0.213815789473684,0.997484560320995,0.102347,"vdj_KLVALGINAV_28_vdj_RPIIRPATL_51","vdj_KLVALGINAV_28","vdj_RPIIRPATL_51","KLVALGINAV","RPIIRPATL","Unlikely receptor pairs",1.10292863712681,0.107425368421053,0.794454052631579,19,"CAYRDDYKLSF","CASSIGQYEQYF","CAMREGGSNYQLIW","CASSMIPDMNTEAFF",0.260869565217391,0.493975903614458,0.753363228699552,-5.49861522935056,0.121680576367725,"Full","Combined","Model 2","All","All features"
"Yes",0.195650269152011,0.804349730847989,"train/test split",54113,"No","Preprocessor1_Model1","[-20.3125, -9.8125, -8.125]","[-20.3125, -11.84375, -8.125]",2.03125,0.349608,0.79243,0,1.22361678330078,0.997929048898412,-0.059568,"vdj_RPIIRPATL_30_vdj_SPRWYFYYL_38","vdj_RPIIRPATL_30","vdj_SPRWYFYYL_38","RPIIRPATL","SPRWYFYYL","Unlikely receptor pairs",1.89832345327245,-0.087243,0.722575736842105,19,"CAMSLEGGAGNKLTF","CASSLRQALRNEQFF","CAITGGFKTIF","CASSSKPGGDYNEQFF",0.466666666666667,0.587628865979381,0.752173913043478,-3.20570543837062,-1.45592557527293,"Full","Combined","Model 2","All","All features"
"Yes",0.199109398738302,0.800890601261698,"train/test split",22372,"No","Preprocessor1_Model1","[16.25, -9.8125, 4.0625]","[16.25, -9.8125, 2.03125]",2.03125,0.307087,0.835775,0,1.20883554128981,0.99645842891117,-0.0477345,"iedb_GLCTLVAML_87_vdj_HPNGYKSLSTL_3","iedb_GLCTLVAML_87","vdj_HPNGYKSLSTL_3","GLCTLVAML","HPNGYKSLSTL","Unlikely receptor pairs",3.53287802041586,-0.0466745,0.763939666666667,12,"CCAMREVMDSNYQLIWF","CASSVAQLAGGTDTQYF","CALSEYSGGYQKVTF","CASSVATSGGSQQFF",0.470588235294118,0.552380952380952,0.752136752136752,-2.53946007319919,-0.612425791910947,"CDR3","Combined","Model 2","All","All features"
"Yes",0.201737364202136,0.798262635797864,"train/test split",15371,"No","Preprocessor1_Model1","[-20.3125, -9.8125, -8.125]","[-20.3125, -11.84375, -8.125]",2.03125,0.308667,0.844322,0,0.642337649721702,0.994180472288599,-0.13443,"iedb_GILGFVFTL_482_iedb_TTDPSFLGRY_294","iedb_GILGFVFTL_482","iedb_TTDPSFLGRY_294","GILGFVFTL","TTDPSFLGRY","Unlikely receptor pairs",2.88656051778818,-0.0548674,0.7588523,10,"CATDDHAGGTSYGKLTF","CAGSVTGALGTEAFF","CAPGGSYIPTF","CASSFTQGAEAFF",0.53125,0.602040816326531,0.751091703056769,-2.08503008057965,-1.0167421408699,"CDR3","Combined","Model 2","All","All features"
"Yes",0.241546017291451,0.758453982708549,"train/test split",45810,"No","Preprocessor1_Model1","[4.0625, -9.8125, 16.25]","[4.0625, -9.8125, 16.25]",0,0.299419,0.636752,0,1.25241888892938,0.997406967731398,-0.106372,"vdj_HPNGYKSLSTL_8_vdj_QYIKWPWYI_14","vdj_HPNGYKSLSTL_8","vdj_QYIKWPWYI_14","HPNGYKSLSTL","QYIKWPWYI","Unlikely receptor pairs",2.19521282439356,-0.0381822727272727,0.764013727272727,11,"CALGLFSGGYNKLIF","CASSHRTGGETQYF","CAMREGQGNAGNMLTF","CASSQDYWGGGADTQYF",0.413793103448276,0.526315789473684,0.751091703056769,-2.07510981565726,-1.35052889257889,"Full","Combined","Model 2","All","All features"
"Yes",0.228602211458526,0.771397788541474,"train/test split",43124,"No","Preprocessor1_Model1","[-8.125, -9.8125, -2.03125]","[-8.125, -9.8125, -2.03125]",0,0.416875,0.764957,0,1.63764610512314,0.992406065347999,-0.043549,"vdj_HPNGYKSLSTL_23_vdj_NLVPMVATV_230","vdj_HPNGYKSLSTL_23","vdj_NLVPMVATV_230","HPNGYKSLSTL","NLVPMVATV","Unlikely receptor pairs",4.37360319032452,-0.0149568,0.603602,10,"CAYRSGTASKLTF","CASSQDRGLAGGTYNEQFF","CAMRELLNSGGSNYKLTF","CASRKLAGPTDTQYF",0.4375,0.524752475247525,0.75,-1.32669020774617,-0.886924836873449,"CDR3","Combined","Model 2","All","All features"
"Yes",0.138290187922516,0.861709812077484,"train/test split",42920,"No","Preprocessor1_Model1","[16.25, -9.8125, 4.0625]","[16.25, -9.8125, 4.0625]",0,0.363865,0.810745,0,0.869804017821667,0.997490816696907,0.08513,"vdj_HPNGYKSLSTL_1_vdj_RPIIRPATL_87","vdj_HPNGYKSLSTL_1","vdj_RPIIRPATL_87","HPNGYKSLSTL","RPIIRPATL","Unlikely receptor pairs",1.98890793621218,0.0864604347826087,0.769098,23,"CAYRSAGSGGSNYKLTF","CASSLMTNQPQHF","CAPYSGGSNYKLTF","CASSLIGNEQFF",0.666666666666667,0.680412371134021,0.747826086956522,-5.20857882811052,-0.146951281904305,"CDR3","Combined","Model 2","All","All features"
"Yes",0.22525887198503,0.77474112801497,"train/test split",16190,"No","Preprocessor1_Model1","[16.25, -9.8125, 10.15625]","[18.28125, -9.8125, 8.125]",2.87262129857035,0.448108,0.843712,0,1.17731484806098,0.995996049018369,0.0997155,"iedb_GILGFVFTL_540_vdj_QMMVKAGL_52","iedb_GILGFVFTL_540","vdj_QMMVKAGL_52","GILGFVFTL","QMMVKAGL","Unlikely receptor pairs",2.7117719189347,0.06791125,0.7796475,16,"CLKENTGFQKLVFF","CASSGTGAGEQYF","CAVSGGYSTLTF","CASSMIPDMNTEAFF",0.296296296296296,0.433333333333333,0.747826086956522,-4.45869534363334,0.610898305488772,"Full","Combined","Model 2","All","All features"
"Yes",0.218174569570317,0.781825430429683,"train/test split",44440,"No","Preprocessor1_Model1","[16.25, -15.90625, 4.0625]","[16.25, -15.90625, 6.09375]",2.03125,0.338407,0.946886,0,2.47945660944591,0.996966218986568,0.1541315,"vdj_HPNGYKSLSTL_3_vdj_SPRWYFYYL_38","vdj_HPNGYKSLSTL_3","vdj_SPRWYFYYL_38","HPNGYKSLSTL","SPRWYFYYL","Unlikely receptor pairs",2.94453393261559,0.1291147,0.7874236,10,"CALSEYSGGYQKVTF","CASSVATSGGSQQFF","CAITGGFKTIF","CASSSKPGGDYNEQFF",0.433333333333333,0.536082474226804,0.747826086956522,-4.07694575386277,1.4358208251343,"Full","Combined","Model 2","All","All features"
"Yes",0.198639557382866,0.801360442617134,"train/test split",43504,"No","Preprocessor1_Model1","[16.25, -15.90625, 4.0625]","[16.25, -15.90625, 6.09375]",2.03125,0.440611,0.946886,0,1.60108605718119,0.997258918023476,0.038342,"vdj_HPNGYKSLSTL_27_vdj_YLQPRTFLL_147","vdj_HPNGYKSLSTL_27","vdj_YLQPRTFLL_147","HPNGYKSLSTL","YLQPRTFLL","Unlikely receptor pairs",2.61020664970626,0.0205784615384615,0.788954615384615,13,"CALTRPGGGYNKLIF","CASRGLQGRIDYNEQFF","CAMRDPHLWSGATNKLIF","CASADLDTGELFF",0.4375,0.534653465346535,0.746781115879828,-3.9552997403584,0.3544509302341,"CDR3","Combined","Model 2","All","All features"
"Yes",0.210847177453972,0.789152822546028,"train/test split",20842,"No","Preprocessor1_Model1","[10.15625, -15.90625, 4.0625]","[8.125, -15.90625, 4.0625]",2.03125,0.153405,0.857143,0,2.03125,0.997702578594195,-0.1037025,"iedb_GLCTLVAML_54_vdj_YLQPRTFLL_154","iedb_GLCTLVAML_54","vdj_YLQPRTFLL_154","GLCTLVAML","YLQPRTFLL","Unlikely receptor pairs",2.41441474571632,-0.0696189,0.7764958,10,"CAEIASGTYKYIF","CSAEISGTQLYNEQFF","CAERGSYIPTF","CSATRDLNTGELFF",0.413793103448276,0.568421052631579,0.746724890829694,-1.89523119189979,-1.0389214152216,"CDR3","Combined","Model 2","All","All features"
"Yes",0.191626498917215,0.808373501082785,"train/test split",49461,"No","Preprocessor1_Model1","[-14.21875, -15.90625, 4.0625]","[-14.21875, -15.90625, 2.03125]",2.03125,0.472519,0.904151,0,1.54966038090369,0.995950082817113,0.0352545,"vdj_NLVPMVATV_222_vdj_RPIIRPATL_7","vdj_NLVPMVATV_222","vdj_RPIIRPATL_7","NLVPMVATV","RPIIRPATL","Unlikely receptor pairs",2.78756274687594,0.0569674375,0.760721875,16,"CAADTLLNAGGTSYGKLTF","CASSGRGFLNYGYTF","CAALEAGGGADGLTF","CASSVFGVQRGFGTDTQYF",0.470588235294118,0.572815533980582,0.745689655172414,-4.29803436353228,0.363136345086119,"Full","Combined","Model 2","All","All features"
"Yes",0.191971188775416,0.808028811224584,"train/test split",30493,"No","Preprocessor1_Model1","[-20.3125, -9.8125, -8.125]","[-20.3125, -9.8125, -8.125]",0,0.81588,0.989621,0,1.05763797694569,0.996701964390088,0.245876,"iedb_SPRWYFYYL_170_iedb_TTDPSFLGRY_190","iedb_SPRWYFYYL_170","iedb_TTDPSFLGRY_190","SPRWYFYYL","TTDPSFLGRY","Unlikely receptor pairs",1.71965044574337,0.239654066666667,0.81396,15,"CATVSFSGSARQLTF","CASSTLNKGGWDEQFF","CATDANYGQNFVF","CASSPRDWYNEQFF",0.419354838709677,0.53125,0.745614035087719,-6.97278847621858,2.39711537592673,"CDR3","Combined","Model 2","All","All features"
"Yes",0.186314094346268,0.813685905653732,"train/test split",32933,"No","Preprocessor1_Model1","[-14.21875, -9.8125, -8.125]","[-14.21875, -9.8125, -8.125]",0,0.362326,0.809524,1,0.439778525359285,0.993177426445834,0.157219,"iedb_TTDPSFLGRY_190_iedb_YLQPRTFLL_183","iedb_TTDPSFLGRY_190","iedb_YLQPRTFLL_183","TTDPSFLGRY","YLQPRTFLL","Unlikely receptor pairs",4.72801388145335,0.0524390714285714,0.785496214285714,14,"CATDANYGQNFVF","CASSPRDWYNEQFF","CATPGGQKLVF","CASTLRDRGNQPQHF",0.518518518518519,0.602272727272727,0.745535714285714,-4.00761025076347,0.603916563310893,"CDR3","Combined","Model 2","All","All features"
"Yes",0.187605565181719,0.812394434818281,"train/test split",28758,"No","Preprocessor1_Model1","[-14.21875, -9.8125, -8.125]","[-14.21875, -9.8125, -8.125]",0,0.287706,0.922466,0,0.716911764705882,0.994940085762076,-0.010624,"iedb_RFPLTFGWCF_57_vdj_RPIIRPATL_5","iedb_RFPLTFGWCF_57","vdj_RPIIRPATL_5","RFPLTFGWCF","RPIIRPATL","Unlikely receptor pairs",1.35621199193599,-0.0162221764705882,0.739639470588235,17,"CGVSGGYNKLIF","CASSLGLAGDNEQFF","CAVRDGGGFKTIF","CASSEETGNQPQHF",0.481481481481482,0.545454545454545,0.744394618834081,-3.7651833851915,-0.907404395231431,"CDR3","Combined","Model 2","All","All features"
"Yes",0.27903264780321,0.72096735219679,"train/test split",46993,"No","Preprocessor1_Model1","[4.0625, -9.8125, -2.03125]","[0.0, -7.78125, 2.03125]",6.09375,0.420597,0.644078,0,1.27575383526109,0.997580497169192,0.045464,"vdj_KLVALGINAV_21_vdj_RPIIRPATL_53","vdj_KLVALGINAV_21","vdj_RPIIRPATL_53","KLVALGINAV","RPIIRPATL","Unlikely receptor pairs",2.49948231805372,0.0675289411764706,0.739747117647059,17,"CAYVQDDKIIF","CASSQGSYEQYF","CAMREGGGGSNYKLTF","CASSIIPDMNTEAFF",0.0869565217391305,0.397590361445783,0.744394618834081,-3.44020808322269,0.0858892547079862,"Full","Combined","Model 2","All","All features"
"Yes",0.222146547101012,0.777853452898988,"train/test split",24121,"No","Preprocessor1_Model1","[16.25, -15.90625, 4.0625]","[16.25, -15.90625, 6.09375]",2.03125,0.472224,0.956654,0,1.18441210364045,0.995406559143575,0.019175,"iedb_NLVPMVATV_128_vdj_QYIKWPWYI_14","iedb_NLVPMVATV_128","vdj_QYIKWPWYI_14","NLVPMVATV","QYIKWPWYI","Unlikely receptor pairs",1.92536269750075,0.0577712,0.7718559,10,"CALSDVGMNRDDKIIF","CASSQGLGREGASEQFF","CAMREGQGNAGNMLTF","CASSQDYWGGGADTQYF",0.393939393939394,0.504854368932039,0.742489270386266,-3.74306467420807,0.415696104841424,"CDR3","Combined","Model 2","All","All features"
"Yes",0.203866883499875,0.796133116500125,"train/test split",20600,"No","Preprocessor1_Model1","[-14.21875, -15.90625, -2.03125]","[-14.21875, -15.90625, 0.0]",2.03125,0.471437,0.933455,0,1.59344359799775,0.996502344064411,-0.039171,"iedb_GLCTLVAML_53_vdj_YLQPRTFLL_27","iedb_GLCTLVAML_53","vdj_YLQPRTFLL_27","GLCTLVAML","YLQPRTFLL","Unlikely receptor pairs",2.27488523085542,0.00111984615384615,0.801399461538462,13,"CAEDNYGQNFVF","CSGREDSTNEKLFF","CAEILDFGNEKLTF","CSARDPSGVKLFF",0.423076923076923,0.545454545454545,0.742222222222222,-3.76511406398023,0.0565125992283967,"CDR3","Combined","Model 2","All","All features"
"Yes",0.242568178401992,0.757431821598008,"train/test split",29385,"No","Preprocessor1_Model1","[-20.3125, -15.90625, 4.0625]","[-22.34375, -15.90625, 2.03125]",2.87262129857035,-0.018567,0.881563,0,2.84375,0.98771829801598,-0.144614,"iedb_RFPLTFGWCF_7_vdj_QMMVKAGL_2","iedb_RFPLTFGWCF_7","vdj_QMMVKAGL_2","RFPLTFGWCF","QMMVKAGL","Unlikely receptor pairs",3.66949939172158,-0.1411274,0.747375,5,"CAVGAPDTSGTYKYIF","CASSPGTAAGLTYEQYF","CAVGDYKLSF","CASSPSQTSGGRTDTQYF",0.545454545454545,0.588235294117647,0.741379310344828,0.0751638640092908,-1.06156989624132,"Full","Combined","Model 2","All","All features"
"Yes",0.24903344412355,0.75096655587645,"train/test split",50609,"No","Preprocessor1_Model1","[-14.21875, -9.8125, -8.125]","[-16.25, -9.8125, -8.125]",2.03125,0.31568,0.872405,0,2.13039297284562,0.993540352121279,0.0550765,"vdj_NLVPMVATV_489_vdj_YLQPRTFLL_154","vdj_NLVPMVATV_489","vdj_YLQPRTFLL_154","NLVPMVATV","YLQPRTFLL","Unlikely receptor pairs",3.5878134651661,0.0220747,0.7540292,10,"CAEEMDSSYKLIF","CSAPFPGQGDYGYTF","CAERGSYIPTF","CSATRDLNTGELFF",0.357142857142857,0.537634408602151,0.741228070175439,-2.80021327129675,0.423450739582323,"Full","Combined","Model 2","All","All features"
"Yes",0.242116625081497,0.757883374918503,"train/test split",47168,"No","Preprocessor1_Model1","[4.0625, -9.8125, 4.0625]","[4.0625, -7.78125, 4.0625]",2.03125,0.376985,0.845543,0,0.807136905086511,0.99782279549849,0.049514,"vdj_KLVALGINAV_21_vdj_RPIIRPATL_82","vdj_KLVALGINAV_21","vdj_RPIIRPATL_82","KLVALGINAV","RPIIRPATL","Unlikely receptor pairs",1.31260624406153,0.0309635263157895,0.752586631578947,19,"CAYVQDDKIIF","CASSQGSYEQYF","CAMRESASGGSYIPTF","CASSIIPDMNTEAFF",0.0869565217391305,0.397590361445783,0.739910313901345,-4.36888954361098,-0.372723072884479,"CDR3","Combined","Model 2","All","All features"
"Yes",0.147044601195114,0.852955398804886,"train/test split",45626,"No","Preprocessor1_Model1","[-20.3125, -9.8125, -8.125]","[-20.3125, -9.8125, -8.125]",0,0.764113,0.993895,0,0.600089511552235,0.994972734602201,0.113714,"vdj_HPNGYKSLSTL_52_vdj_KLVALGINAV_20","vdj_HPNGYKSLSTL_52","vdj_KLVALGINAV_20","HPNGYKSLSTL","KLVALGINAV","Unlikely receptor pairs",1.57533331132047,0.1645025,0.785902153846154,26,"CAYRSAVTYDMRF","CASSLYGNQPQHF","CAYREVNDMRF","CASSDSYGYTF",0.576923076923077,0.617977528089888,0.738938053097345,-7.36427594054186,1.11835828775534,"CDR3","Combined","Model 2","All","All features"
"Yes",0.165975245164333,0.834024754835667,"train/test split",45632,"No","Preprocessor1_Model1","[-26.40625, -9.8125, -8.125]","[-26.40625, -9.8125, -8.125]",0,0.727906,0.962759,0,0.42310713092632,0.998072397516066,0.2157665,"vdj_HPNGYKSLSTL_52_vdj_KLVALGINAV_27","vdj_HPNGYKSLSTL_52","vdj_KLVALGINAV_27","HPNGYKSLSTL","KLVALGINAV","Unlikely receptor pairs",1.05626796065391,0.199635454545455,0.809717954545454,22,"CAYRSAVTYDMRF","CASSLYGNQPQHF","CAYNDMRF","CASSQETQYF",0.5,0.573033707865169,0.738938053097345,-7.4731948660373,1.54928893013803,"CDR3","Combined","Model 2","All","All features"
"Yes",0.213107815661937,0.786892184338063,"train/test split",54410,"No","Preprocessor1_Model1","[16.25, -9.8125, 4.0625]","[16.25, -9.8125, 4.0625]",0,0.384899,0.920635,1,1.08574879526922,0.983118984781664,-0.163636,"vdj_RPIIRPATL_40_vdj_YLQPRTFLL_134","vdj_RPIIRPATL_40","vdj_YLQPRTFLL_134","RPIIRPATL","YLQPRTFLL","Unlikely receptor pairs",3.64642604251962,-0.0860772307692308,0.773269384615385,13,"CAVNAGNNRKLIW","CASILGTSGREPYEQYF","CAVRNNNARLMF","CASRSAEAFF",0.4,0.5,0.738938053097345,-2.41177476856403,-0.694057231114356,"CDR3","Combined","Model 2","All","All features"
"Yes",0.212728728210716,0.787271271789284,"train/test split",17104,"No","Preprocessor1_Model1","[16.25, -9.8125, 4.0625]","[16.25, -9.8125, 4.0625]",0,0.214913,0.802808,0,1.08386217560712,0.998020319377022,-0.0589305,"iedb_GILGFVFTL_81_vdj_HPNGYKSLSTL_53","iedb_GILGFVFTL_81","vdj_HPNGYKSLSTL_53","GILGFVFTL","HPNGYKSLSTL","Unlikely receptor pairs",1.70473804107098,-0.114248166666667,0.763888916666667,12,"CAGAPSSSNTGKLIF","CASSIRSAYEQYF","CAGPPRPSYNTDKLIF","CASTPRGRGLVYGYTF",0.464285714285714,0.566666666666667,0.737777777777778,-2.30950440870803,-1.55669357790452,"CDR3","Combined","Model 2","All","All features"
"Yes",0.186581866246501,0.813418133753499,"train/test split",39281,"No","Preprocessor1_Model1","[-20.3125, -15.90625, -8.125]","[-20.3125, -15.90625, -6.09375]",2.03125,0.424344,0.742979,0,0.302800871953097,0.998810038576636,0.105909,"iedb_VLFGLGFAI_5_vdj_GILGFVFTL_1585","iedb_VLFGLGFAI_5","vdj_GILGFVFTL_1585","VLFGLGFAI","GILGFVFTL","Unlikely receptor pairs",1.06009950647605,0.114948666666667,0.781603466666667,15,"CAVISYNTDKLIF","CASRSSDPYEQYF","CALSETSYDKVIF","CASSLGTVYEQYF",0.538461538461538,0.545454545454545,0.737777777777778,-4.51772506012954,0.199885315791799,"CDR3","Combined","Model 2","All","All features"
"Yes",0.203959890788322,0.796040109211678,"train/test split",41766,"No","Preprocessor1_Model1","[-8.125, -9.8125, -14.21875]","[-8.125, -9.8125, -14.21875]",0,0.671015,0.966422,0,0.205187235612168,0.999646599267816,0.300962,"vdj_GLCTLVAML_16_vdj_YLQPRTFLL_27","vdj_GLCTLVAML_16","vdj_YLQPRTFLL_27","GLCTLVAML","YLQPRTFLL","Unlikely receptor pairs",0.290178571428571,0.241317142857143,0.805729928571429,14,"CAESTSGGKLIF","CSVGTGGTNEKLFF","CAEILDFGNEKLTF","CSARDPSGVKLFF",0.423076923076923,0.545454545454545,0.737777777777778,-6.94313199680221,1.95082785397045,"CDR3","Combined","Model 2","All","All features"
"Yes",0.25437219421239,0.74562780578761,"train/test split",31563,"No","Preprocessor1_Model1","[4.0625, -9.8125, 4.0625]","[8.125, -13.875, 6.09375]",6.09375,0.189044,0.789988,0,1.03573833869853,0.995795244786014,-0.032567,"iedb_SPRWYFYYL_330_iedb_YLQPRTFLL_183","iedb_SPRWYFYYL_330","iedb_YLQPRTFLL_183","SPRWYFYYL","YLQPRTFLL","Unlikely receptor pairs",1.50601212985704,-0.061881,0.7322343,10,"CATEAEKGGSEKLVF","CASSLWNTGELFF","CATPGGQKLVF","CASTLRDRGNQPQHF",0.464285714285714,0.566666666666667,0.737777777777778,-1.74735304710235,-0.857784540917714,"Full","Combined","Model 2","All","All features"
"Yes",0.201004267124921,0.798995732875079,"train/test split",43574,"No","Preprocessor1_Model1","[-20.3125, -9.8125, -8.125]","[-20.3125, -9.8125, -8.125]",0,0.689079,0.965812,0,0.492650488355052,0.996268961501085,0.094317,"vdj_HPNGYKSLSTL_2_vdj_QYIKWPWYI_10","vdj_HPNGYKSLSTL_2","vdj_QYIKWPWYI_10","HPNGYKSLSTL","QYIKWPWYI","Unlikely receptor pairs",1.8514543900862,0.0601005294117647,0.745744588235294,17,"CAYRSATGYALNF","CASSLYGSVQNEQFF","CAFLNAGGTSYGKLTF","CASSWNGLAGDEQFF",0.464285714285714,0.56989247311828,0.736842105263158,-5.47779002158551,0.475559455386308,"Full","Combined","Model 2","All","All features"
"Yes",0.172933362945926,0.827066637054074,"train/test split",43616,"No","Preprocessor1_Model1","[16.25, -9.8125, 4.0625]","[16.25, -9.8125, 4.0625]",0,0.337339,0.80464,0,1.07971681084463,0.998067953239305,0.022582,"vdj_HPNGYKSLSTL_2_vdj_RPIIRPATL_87","vdj_HPNGYKSLSTL_2","vdj_RPIIRPATL_87","HPNGYKSLSTL","RPIIRPATL","Unlikely receptor pairs",2.11048095776711,0.0136775789473684,0.759237736842105,19,"CAYRSATGYALNF","CASSLYGSVQNEQFF","CAPYSGGSNYKLTF","CASSLIGNEQFF",0.571428571428571,0.623655913978495,0.736842105263158,-4.22824930180194,-0.689869127425581,"Full","Combined","Model 2","All","All features"
"Yes",0.168207156647303,0.831792843352697,"train/test split",32810,"No","Preprocessor1_Model1","[16.25, -9.8125, 10.15625]","[16.25, -9.8125, 10.15625]",0,0.473543,0.909035,0,1.3876079162237,0.99380351221612,0.033721,"iedb_TTDPSFLGRY_190_vdj_HPNGYKSLSTL_4","iedb_TTDPSFLGRY_190","vdj_HPNGYKSLSTL_4","TTDPSFLGRY","HPNGYKSLSTL","Unlikely receptor pairs",2.34084870965618,0.079246,0.779487133333333,15,"CATDANYGQNFVF","CASSPRDWYNEQFF","CAVDNYGQNFVF","CASSLYGADTQYF",0.62962962962963,0.602272727272727,0.736607142857143,-4.5278742692483,0.420259077883784,"Full","Combined","Model 2","All","All features"
"Yes",0.216184998550536,0.783815001449464,"train/test split",45245,"No","Preprocessor1_Model1","[-2.03125, -9.8125, 4.0625]","[-2.03125, -11.84375, 0.0]",4.54201307929645,0.592085,0.664225,0,0.801531719875844,0.994502952444545,-0.033421,"vdj_HPNGYKSLSTL_4_vdj_QYIKWPWYI_6","vdj_HPNGYKSLSTL_4","vdj_QYIKWPWYI_6","HPNGYKSLSTL","QYIKWPWYI","Unlikely receptor pairs",2.5595564915155,-0.0126527647058824,0.738167058823529,17,"CAVDNYGQNFVF","CASSLYGADTQYF","CAVDTGTASKLTF","CASTPWGAEAFF",0.4,0.524390243902439,0.736363636363636,-3.34272033842939,-0.38670169687573,"Full","Combined","Model 2","All","All features"
"Yes",0.225677969040114,0.774322030959886,"train/test split",22582,"No","Preprocessor1_Model1","[-20.3125, -9.8125, 4.0625]","[-20.3125, -9.8125, 2.03125]",2.03125,0.450489,0.863248,0,1.53888403153064,0.996976311710413,-0.021507,"iedb_GLCTLVAML_89_iedb_VLFGLGFAI_24","iedb_GLCTLVAML_89","iedb_VLFGLGFAI_24","GLCTLVAML","VLFGLGFAI","Unlikely receptor pairs",2.18354554604503,0.0608604615384615,0.763877153846154,13,"CASGGSQGNLIF","CASSFGTFETQYF","CAASDGAGNMLTF","CASRGLIIQRSSYEQYF",0.32,0.494117647058824,0.73542600896861,-3.61732010361207,0.0636854568598524,"CDR3","Combined","Model 2","All","All features"
"Yes",0.275928802252473,0.724071197747527,"train/test split",22349,"No","Preprocessor1_Model1","[-14.21875, -9.8125, -14.21875]","[-14.21875, -9.8125, -14.21875]",0,0.205057,0.835775,0,0.612444918673582,0.999108934633334,-0.138905,"iedb_GLCTLVAML_87_vdj_SPRWYFYYL_391","iedb_GLCTLVAML_87","vdj_SPRWYFYYL_391","GLCTLVAML","SPRWYFYYL","Unlikely receptor pairs",0.923295454545455,-0.0891427272727273,0.718059636363636,11,"CCAMREVMDSNYQLIWF","CASSVAQLAGGTDTQYF","CAISNFNAGNMLTF","CASSLSGSYEQYF",0.411764705882353,0.514285714285714,0.735042735042735,-2.06242952031132,-2.08173145560499,"Full","Combined","Model 2","All","All features"
"Yes",0.232109387389712,0.767890612610288,"train/test split",41227,"No","Preprocessor1_Model1","[16.25, -9.8125, 10.15625]","[16.25, -9.8125, 8.125]",2.03125,0.39336,0.690476,0,3.83390029916093,0.994588298989642,0.001029,"vdj_GILGFVFTL_3128_vdj_RPIIRPATL_82","vdj_GILGFVFTL_3128","vdj_RPIIRPATL_82","GILGFVFTL","RPIIRPATL","Unlikely receptor pairs",4.23131092208397,0.031541625,0.77388575,8,"CALIPTSGTYKYIF","CASSIGAFGYTF","CAMRESASGGSYIPTF","CASSIIPDMNTEAFF",0.307692307692308,0.471910112359551,0.734513274336283,-1.90133819298082,0.549314420150997,"CDR3","Combined","Model 2","All","All features"
"Yes",0.198945631805079,0.801054368194921,"train/test split",29821,"No","Preprocessor1_Model1","[-8.125, -15.90625, -8.125]","[-10.15625, -9.8125, 6.09375]",15.6023273003581,0.201487,0.810745,0,9.28172347277164,0.988474076055341,-0.173245,"iedb_RFPLTFGWCF_9_vdj_QMMVKAGL_2","iedb_RFPLTFGWCF_9","vdj_QMMVKAGL_2","RFPLTFGWCF","QMMVKAGL","Unlikely receptor pairs",11.8466671596775,-0.0966132,0.6945056,5,"CAVGAPERTSGTYKYIF","CASSPGTAAGLTYEQYF","CAVGDYKLSF","CASSPSQTSGGRTDTQYF",0.5,0.557692307692308,0.733905579399142,2.48273202966859,1.92782726653568,"Full","Combined","Model 2","All","All features"
"Yes",0.183666737754625,0.816333262245375,"train/test split",22133,"No","Preprocessor1_Model1","[16.25, -9.8125, -2.03125]","[16.25, -9.8125, -2.03125]",0,0.683895,0.97558,0,0.609257846293255,0.997150888803015,0.094862,"iedb_GLCTLVAML_82_vdj_HPNGYKSLSTL_51","iedb_GLCTLVAML_82","vdj_HPNGYKSLSTL_51","GLCTLVAML","HPNGYKSLSTL","Unlikely receptor pairs",0.952073016598278,0.156492411764706,0.806435411764706,17,"CALNPTGGGNKLTF","CASSPVSGSSYEQYF","CALGSFSGGYNKLIF","CASSQLEQGGETQYF",0.517241379310345,0.589473684210526,0.733624454148472,-6.22577622206457,1.02660357069721,"CDR3","Combined","Model 2","All","All features"
"Yes",0.229851559825343,0.770148440174657,"train/test split",41746,"No","Preprocessor1_Model1","[4.0625, -15.90625, 4.0625]","[4.0625, -15.90625, 4.0625]",0,0.286019,0.686813,0,1.29651587508671,0.997951004971885,0.068354,"vdj_GLCTLVAML_16_vdj_SPRWYFYYL_37","vdj_GLCTLVAML_16","vdj_SPRWYFYYL_37","GLCTLVAML","SPRWYFYYL","Unlikely receptor pairs",1.50241502158682,0.0597948888888889,0.774250333333333,9,"CAESTSGGKLIF","CSVGTGGTNEKLFF","CACLTGTASKLTF","CSVVPLMGGYEQYF",0.384615384615385,0.545454545454545,0.733333333333333,-2.91737848809827,-0.260828241465079,"CDR3","Combined","Model 2","All","All features"
"Yes",0.204347602914409,0.795652397085591,"train/test split",31539,"No","Preprocessor1_Model1","[-20.3125, -9.8125, -8.125]","[-20.3125, -9.8125, -8.125]",0,0.768671,0.98779,2,0.261147390779123,0.998065844108245,0.090696,"iedb_SPRWYFYYL_330_iedb_TTDPSFLGRY_56","iedb_SPRWYFYYL_330","iedb_TTDPSFLGRY_56","SPRWYFYYL","TTDPSFLGRY","Unlikely receptor pairs",1.02209056842184,0.104689210526316,0.777681368421053,19,"CATEAEKGGSEKLVF","CASSLWNTGELFF","CATDGDSGYALNF","CATLSGDIYNEQFF",0.392857142857143,0.533333333333333,0.733333333333333,-6.47408888223424,0.699693655768868,"Full","Combined","Model 2","All","All features"
"Yes",0.225992457874948,0.774007542125052,"train/test split",41498,"No","Preprocessor1_Model1","[-14.21875, -9.8125, -8.125]","[-14.21875, -9.8125, -8.125]",0,0.392114,0.892552,0,0.506682771125638,0.997475212403727,-8.4e-05,"vdj_GLCTLVAML_16_vdj_KLVALGINAV_8","vdj_GLCTLVAML_16","vdj_KLVALGINAV_8","GLCTLVAML","KLVALGINAV","Unlikely receptor pairs",1.44789266238263,0.0301633333333333,0.7746032,15,"CAESTSGGKLIF","CSVGTGGTNEKLFF","CAEIGTDKLIF","CSANSRTGLGYTF",0.423076923076923,0.545454545454545,0.733333333333333,-4.28205468657587,-0.455897528562874,"Full","Combined","Model 2","All","All features"
"Yes",0.199204433565904,0.800795566434096,"train/test split",32738,"No","Preprocessor1_Model1","[-20.3125, -9.8125, -8.125]","[-22.34375, -9.8125, -8.125]",2.03125,0.279491,0.807082,0,1.10485434560398,0.998152171211588,0.007199,"iedb_TTDPSFLGRY_188_vdj_GILGFVFTL_3128","iedb_TTDPSFLGRY_188","vdj_GILGFVFTL_3128","TTDPSFLGRY","GILGFVFTL","Unlikely receptor pairs",2.02729554604503,-0.014127,0.753498615384615,13,"CARKGGSTDKLIF","CASSLGGGLNYGYTF","CALIPTSGTYKYIF","CASSIGAFGYTF",0.535714285714286,0.602150537634409,0.732456140350877,-2.95188465200064,-0.657240888147577,"CDR3","Combined","Model 2","All","All features"
"Yes",0.189208713549778,0.810791286450222,"train/test split",35136,"No","Preprocessor1_Model1","[-14.21875, -15.90625, -2.03125]","[-16.25, -15.90625, -2.03125]",2.03125,0.366206,0.938339,0,1.04650208716531,0.995821080568842,0.002969,"iedb_TTDPSFLGRY_372_vdj_HPNGYKSLSTL_48","iedb_TTDPSFLGRY_372","vdj_HPNGYKSLSTL_48","TTDPSFLGRY","HPNGYKSLSTL","Unlikely receptor pairs",2.37053349819395,0.0493328333333333,0.756240666666667,18,"CAYTPYNTDKLIF","CASSYGEYGANVLTF","CAYRSANNYQLIW","CASSLYGSSYNEQFF",0.464285714285714,0.56989247311828,0.732456140350877,-4.25299078835847,-0.0929209914130634,"CDR3","Combined","Model 2","All","All features"
"Yes",0.239854640325037,0.760145359674963,"train/test split",14493,"No","Preprocessor1_Model1","[16.25, -9.8125, 10.15625]","[16.25, -9.8125, 10.15625]",0,0.370958,0.764347,0,1.40632173829873,0.997483494630725,-0.108283,"iedb_GILGFVFTL_285_vdj_HPNGYKSLSTL_4","iedb_GILGFVFTL_285","vdj_HPNGYKSLSTL_4","GILGFVFTL","HPNGYKSLSTL","Unlikely receptor pairs",1.87359995467678,-0.0299780909090909,0.741591818181818,11,"CAVRANFGNEKLTF","CASSYPLLYSGANTGELFF","CAVDNYGQNFVF","CASSLYGADTQYF",0.484848484848485,0.571428571428571,0.732456140350877,-2.44841425778483,-1.15215740419444,"Full","Combined","Model 2","All","All features"
"Yes",0.230330671132743,0.769669328867257,"train/test split",12677,"No","Preprocessor1_Model1","[-20.3125, -9.8125, 4.0625]","[-20.3125, -9.8125, 4.0625]",0,0.417261,0.919414,0,0.642337649721702,0.997993418537402,0.1738985,"iedb_GILGFVFTL_205_iedb_VLFGLGFAI_43","iedb_GILGFVFTL_205","iedb_VLFGLGFAI_43","GILGFVFTL","VLFGLGFAI","Unlikely receptor pairs",1.0485876497217,0.161244,0.8080588,10,"CAASGGTGNQFYF","CASRLAGSHEQYF","CAARVENNTAKLIF","CAISDWSTYEQYF",0.346153846153846,0.505747126436782,0.732142857142857,-4.9836410914776,1.02101633836136,"CDR3","Combined","Model 2","All","All features"
"Yes",0.21381717763306,0.78618282236694,"train/test split",40382,"No","Preprocessor1_Model1","[-2.03125, -9.8125, -8.125]","[-2.03125, -7.78125, -10.15625]",2.87262129857035,0.383237,0.716117,0,1.54496879899758,0.994297542258321,0.102652,"iedb_YLQPRTFLL_414_vdj_QMMVKAGL_40","iedb_YLQPRTFLL_414","vdj_QMMVKAGL_40","YLQPRTFLL","QMMVKAGL","Unlikely receptor pairs",3.25280489445336,0.111456454545455,0.787767818181818,11,"CAVNRDDKIIF","CASSPDIEQYF","CAVNPGTYKYIF","CASAPRRDRGTDTQYF",0.409090909090909,0.564102564102564,0.731818181818182,-3.3728858019261,0.855124976086957,"CDR3","Combined","Model 2","All","All features"
"Yes",0.247784040889172,0.752215959110828,"train/test split",14855,"No","Preprocessor1_Model1","[-14.21875, -9.8125, 4.0625]","[-14.21875, -9.8125, 4.0625]",0,0.436412,0.896215,0,1.0938616014492,0.995001309134963,-0.1250835,"iedb_GILGFVFTL_290_vdj_QYIKWPWYI_6","iedb_GILGFVFTL_290","vdj_QYIKWPWYI_6","GILGFVFTL","QYIKWPWYI","Unlikely receptor pairs",2.46626659757677,-0.0588512,0.7921856,10,"CAVRKFGNEKLTF","CASSIGLYGYTF","CAVDTGTASKLTF","CASTPWGAEAFF",0.44,0.548780487804878,0.731818181818182,-2.8792036173067,-0.739058243585169,"Full","Combined","Model 2","All","All features"
"Yes",0.230451908699383,0.769548091300617,"train/test split",16824,"No","Preprocessor1_Model1","[16.25, -15.90625, 10.15625]","[16.25, -15.90625, 8.125]",2.03125,0.266822,0.625763,0,0.85835978995865,0.996311833449343,-0.1582175,"iedb_GILGFVFTL_57_vdj_HPNGYKSLSTL_53","iedb_GILGFVFTL_57","vdj_HPNGYKSLSTL_53","GILGFVFTL","HPNGYKSLSTL","Unlikely receptor pairs",2.46266994997791,-0.123098857142857,0.714634642857143,14,"CAGAGSNTGKLIF","CASSIRSAYEQYF","CAGPPRPSYNTDKLIF","CASTPRGRGLVYGYTF",0.384615384615385,0.523255813953488,0.730941704035874,-1.33612219520034,-2.10782931925949,"CDR3","Combined","Model 2","All","All features"
"Yes",0.225629656614974,0.774370343385026,"train/test split",22719,"No","Preprocessor1_Model1","[16.25, -9.8125, 4.0625]","[16.25, -9.8125, 4.0625]",0,0.514685,0.847375,0,1.24746309389556,0.997929696213833,-0.014364,"iedb_GLCTLVAML_89_vdj_RPIIRPATL_3","iedb_GLCTLVAML_89","vdj_RPIIRPATL_3","GLCTLVAML","RPIIRPATL","Unlikely receptor pairs",1.88259521066275,0.0228373529411765,0.759606411764706,17,"CASGGSQGNLIF","CASSFGTFETQYF","CAATFLRDMRF","CASSYYRLAGELFF",0.28,0.470588235294118,0.730941704035874,-4.23326542289415,-0.38054846726007,"CDR3","Combined","Model 2","All","All features"
"Yes",0.171679663746802,0.828320336253198,"train/test split",45462,"No","Preprocessor1_Model1","[-8.125, -9.8125, -2.03125]","[-4.0625, -9.8125, -2.03125]",4.0625,0.59953,0.645299,0,0.867750380383812,0.996665616403,0.164982,"vdj_HPNGYKSLSTL_52_vdj_KLVALGINAV_25","vdj_HPNGYKSLSTL_52","vdj_KLVALGINAV_25","HPNGYKSLSTL","KLVALGINAV","Unlikely receptor pairs",1.16938908582327,0.1350466,0.80601335,20,"CAYRSAVTYDMRF","CASSLYGNQPQHF","CAYKDNDMRF","CASSAETQYF",0.5,0.573033707865169,0.730088495575221,-5.51985751467109,0.964774155129035,"Full","Combined","Model 2","All","All features"
"Yes",0.18081015991391,0.81918984008609,"train/test split",23888,"No","Preprocessor1_Model1","[-20.3125, -9.8125, -8.125]","[-20.3125, -9.8125, -8.125]",0,0.604505,0.956654,0,0.432572674218709,0.997917739726362,0.010164,"iedb_NLVPMVATV_128_vdj_HPNGYKSLSTL_13","iedb_NLVPMVATV_128","vdj_HPNGYKSLSTL_13","NLVPMVATV","HPNGYKSLSTL","Unlikely receptor pairs",0.850856375205306,0.11258680952381,0.806035142857143,21,"CALSDVGMNRDDKIIF","CASSQGLGREGASEQFF","CALLLFSGGYNKLIF","CASSPREGGETQYF",0.454545454545455,0.543689320388349,0.729613733905579,-6.28088601413405,0.212839072835068,"Full","Combined","Model 2","All","All features"
"Yes",0.28282425649971,0.71717574350029,"train/test split",17792,"No","Preprocessor1_Model1","[-20.3125, -9.8125, -2.03125]","[-20.3125, -9.8125, -4.0625]",2.03125,0.300586,0.808913,0,0.673689410540941,0.996593178145802,-0.1429515,"iedb_GLCTLVAML_107_vdj_RPIIRPATL_52","iedb_GLCTLVAML_107","vdj_RPIIRPATL_52","GLCTLVAML","RPIIRPATL","Unlikely receptor pairs",1.421875,-0.1118766,0.7240537,10,"CILGMDSSYKLIF","CSVPGLAVPGELFF","CILRDAYNTDKLIF","CSARRSDRVNTEAFF",0.407407407407407,0.528089887640449,0.728888888888889,-1.75164505470304,-1.73799150923347,"Full","Combined","Model 2","All","All features"
"Yes",0.255414868410459,0.744585131589541,"train/test split",19789,"No","Preprocessor1_Model1","[22.34375, -9.8125, 4.0625]","[22.34375, -9.8125, 4.0625]",0,0.438784,0.959096,0,1.09700037863675,0.998790940499303,0.0922515,"iedb_GLCTLVAML_29_vdj_SPRWYFYYL_37","iedb_GLCTLVAML_29","vdj_SPRWYFYYL_37","GLCTLVAML","SPRWYFYYL","Unlikely receptor pairs",1.15585354976172,0.07230225,0.804995833333333,12,"CAEDAGNMLTF","CSVTGDRRSNQPQHF","CACLTGTASKLTF","CSVVPLMGGYEQYF",0.346153846153846,0.522727272727273,0.728888888888889,-4.78364261124459,0.489406833822223,"Full","Combined","Model 2","All","All features"
"Yes",0.233393346984192,0.766606653015808,"train/test split",22673,"No","Preprocessor1_Model1","[-14.21875, -15.90625, -8.125]","[-14.21875, -13.875, -10.15625]",2.87262129857035,0.517146,0.952381,0,2.15690729592791,0.996762302047641,0.114126,"iedb_GLCTLVAML_96_iedb_VLFGLGFAI_16","iedb_GLCTLVAML_96","iedb_VLFGLGFAI_16","GLCTLVAML","VLFGLGFAI","Unlikely receptor pairs",2.91209689234655,0.0992306428571429,0.7732425,14,"CAVLRGGADGLTF","CASSSGAGLDEQFF","CAASGGSNYKLTF","CASGTLLIRGKGYERYF",0.333333333333333,0.50561797752809,0.728888888888889,-4.61803529857256,1.25079725694507,"Full","Combined","Model 2","All","All features"
"Yes",0.237037683492392,0.762962316507608,"train/test split",41582,"No","Preprocessor1_Model1","[16.25, -15.90625, 10.15625]","[14.21875, -15.90625, 10.15625]",2.03125,0.324474,0.824786,0,0.41390920033815,0.997608728548308,-0.015536,"vdj_GLCTLVAML_16_vdj_SPRWYFYYL_23","vdj_GLCTLVAML_16","vdj_SPRWYFYYL_23","GLCTLVAML","SPRWYFYYL","Unlikely receptor pairs",1.80077097016775,0.0169337647058824,0.762084352941176,17,"CAESTSGGKLIF","CSVGTGGTNEKLFF","CAALPSADYKLSF","CSVDALLGAYTQYF",0.346153846153846,0.522727272727273,0.728888888888889,-3.90632748091064,-0.712489142471003,"Full","Combined","Model 2","All","All features"
"Yes",0.220582629683101,0.779417370316899,"train/test split",42128,"No","Preprocessor1_Model1","[-20.3125, -15.90625, -2.03125]","[-20.3125, -15.90625, 0.0]",2.03125,0.607377,0.947497,0,1.31383936156012,0.998161781302407,-0.1166445,"vdj_HPNGYKSLSTL_10_vdj_QMMVKAGL_13","vdj_HPNGYKSLSTL_10","vdj_QMMVKAGL_13","HPNGYKSLSTL","QMMVKAGL","Unlikely receptor pairs",2.95986994097348,-0.0216854285714286,0.760640214285714,14,"CALSEKSGGYQKVTF","CASSQERGDNTKNTQYF","CALSEAPSNFGNEKLTF","CASSHRDRGISGANVLTF",0.46875,0.554455445544555,0.728448275862069,-3.71374626031272,-0.332300970223885,"Full","Combined","Model 2","All","All features"
"Yes",0.20154940555734,0.79845059444266,"train/test split",35323,"No","Preprocessor1_Model1","[10.15625, -9.8125, -8.125]","[10.15625, -9.8125, -8.125]",0,0.366143,0.908425,0,0.765465544619743,0.997589782436301,-0.068593,"iedb_TTDPSFLGRY_382_vdj_HPNGYKSLSTL_26","iedb_TTDPSFLGRY_382","vdj_HPNGYKSLSTL_26","TTDPSFLGRY","HPNGYKSLSTL","Unlikely receptor pairs",2.45306200752486,-0.00280984615384615,0.785902076923077,13,"CALSEGAAGNKLTF","CASSYRDGTDTQYF","CAYRSASNAGNMLTF","CASSLYRGSNQPQHF",0.535714285714286,0.580645161290323,0.728070175438597,-3.52983496784317,-0.6290811758545,"CDR3","Combined","Model 2","All","All features"
"Yes",0.187620738603228,0.812379261396772,"train/test split",43521,"No","Preprocessor1_Model1","[-20.3125, -9.8125, -8.125]","[-20.3125, -9.8125, -8.125]",0,0.6749,0.96398,0,0.763475078709351,0.995156561794737,0.083232,"vdj_HPNGYKSLSTL_28_vdj_KLVALGINAV_13","vdj_HPNGYKSLSTL_28","vdj_KLVALGINAV_13","HPNGYKSLSTL","KLVALGINAV","Unlikely receptor pairs",1.87927828383698,0.108002736842105,0.810648368421053,19,"CAYRSASNYQLIW","CASSLYPGANTEAFF","CAYGDDKIIF","CASKMGAEAFF",0.464285714285714,0.548387096774194,0.728070175438597,-6.06195585947782,0.910185759690055,"CDR3","Combined","Model 2","All","All features"
"Yes",0.196310244460131,0.803689755539869,"train/test split",45201,"No","Preprocessor1_Model1","[-20.3125, -9.8125, -8.125]","[-20.3125, -9.8125, -8.125]",0,0.791236,0.973138,0,0.20645513996802,0.998339086660198,0.1477375,"vdj_HPNGYKSLSTL_48_vdj_KLVALGINAV_27","vdj_HPNGYKSLSTL_48","vdj_KLVALGINAV_27","HPNGYKSLSTL","KLVALGINAV","Unlikely receptor pairs",0.907454208960941,0.200884545454545,0.791402909090909,22,"CAYRSANNYQLIW","CASSLYGSSYNEQFF","CAYNDMRF","CASSQETQYF",0.357142857142857,0.483870967741935,0.728070175438597,-7.35821524298118,1.27738096581945,"CDR3","Combined","Model 2","All","All features"
"Yes",0.17507854571124,0.82492145428876,"train/test split",45302,"No","Preprocessor1_Model1","[-14.21875, -15.90625, 4.0625]","[-14.21875, -15.90625, 4.0625]",0,0.452768,0.905372,0,0.585558655227563,0.998552780858982,0.068274,"vdj_HPNGYKSLSTL_48_vdj_RPIIRPATL_87","vdj_HPNGYKSLSTL_48","vdj_RPIIRPATL_87","HPNGYKSLSTL","RPIIRPATL","Unlikely receptor pairs",1.38709695255712,0.0657175789473684,0.788284736842105,19,"CAYRSANNYQLIW","CASSLYGSSYNEQFF","CAPYSGGSNYKLTF","CASSLIGNEQFF",0.571428571428571,0.623655913978495,0.728070175438597,-5.26067875885731,-0.0196778290983675,"CDR3","Combined","Model 2","All","All features"
"Yes",0.185872479432454,0.814127520567546,"train/test split",30349,"No","Preprocessor1_Model1","[-26.40625, -15.90625, -2.03125]","[-26.40625, -15.90625, -2.03125]",0,0.749744,0.971306,0,0.225694444444444,0.996673522275236,-0.0436415,"iedb_SPRWYFYYL_170_iedb_TTDPSFLGRY_56","iedb_SPRWYFYYL_170","iedb_TTDPSFLGRY_56","SPRWYFYYL","TTDPSFLGRY","Unlikely receptor pairs",1.77752713371822,0.0582828333333333,0.795990888888889,18,"CATVSFSGSARQLTF","CASSTLNKGGWDEQFF","CATDGDSGYALNF","CATLSGDIYNEQFF",0.516129032258065,0.583333333333333,0.728070175438597,-5.69004135659294,0.162816524759652,"Full","Combined","Model 2","All","All features"
"Yes",0.256675765704565,0.743324234295435,"train/test split",34280,"No","Preprocessor1_Model1","[16.25, -9.8125, 4.0625]","[16.25, -9.8125, 6.09375]",2.03125,0.353503,0.627595,0,1.30019394169651,0.996631024572122,0.065906,"iedb_TTDPSFLGRY_247_vdj_QYIKWPWYI_60","iedb_TTDPSFLGRY_247","vdj_QYIKWPWYI_60","TTDPSFLGRY","QYIKWPWYI","Unlikely receptor pairs",2.50624977027681,0.0650755833333333,0.7347375,12,"CALSEADRDDKIIF","CASTWGTDYNEQFF","CAMIKNNDMRF","CASSWTGGSGNTIYF",0.357142857142857,0.494623655913978,0.728070175438597,-2.86286490806913,-0.0987862642745807,"Full","Combined","Model 2","All","All features"
"Yes",0.201195230032678,0.798804769967322,"train/test split",43365,"No","Preprocessor1_Model1","[-20.3125, -9.8125, -8.125]","[-20.3125, -9.8125, -8.125]",0,0.700977,0.952991,0,1.11713050499958,0.998358883392186,0.012274,"vdj_HPNGYKSLSTL_28_vdj_KLVALGINAV_23","vdj_HPNGYKSLSTL_28","vdj_KLVALGINAV_23","HPNGYKSLSTL","KLVALGINAV","Unlikely receptor pairs",1.6269870734555,0.0429196111111111,0.805385833333333,18,"CAYRSASNYQLIW","CASSLYPGANTEAFF","CATYSGGGADGLTF","CASSYTGELFF",0.428571428571429,0.537634408602151,0.728070175438597,-5.6394013106303,0.320865249385544,"Full","Combined","Model 2","All","All features"
"Yes",0.201798780849077,0.798201219150923,"train/test split",45043,"No","Preprocessor1_Model1","[16.25, -9.8125, 4.0625]","[16.25, -9.8125, 4.0625]",0,0.36605,0.904151,0,0.620557125358603,0.995452577415643,0.094093,"vdj_HPNGYKSLSTL_48_vdj_KLVALGINAV_5","vdj_HPNGYKSLSTL_48","vdj_KLVALGINAV_5","HPNGYKSLSTL","KLVALGINAV","Unlikely receptor pairs",2.23149179833383,0.0763399333333333,0.792877466666667,15,"CAYRSANNYQLIW","CASSLYGSSYNEQFF","CAYLGGADGLTF","CASSMGANEQFF",0.5,0.580645161290323,0.728070175438597,-4.71083563368551,0.330097659579608,"Full","Combined","Model 2","All","All features"
"Yes",0.16447748640899,0.83552251359101,"train/test split",52968,"No","Preprocessor1_Model1","[16.25, -9.8125, 4.0625]","[16.25, -9.8125, 4.0625]",0,0.444004,0.864469,0,0.290178571428572,0.997161177846366,0.05376,"vdj_QYIKWPWYI_10_vdj_RPIIRPATL_87","vdj_QYIKWPWYI_10","vdj_RPIIRPATL_87","QYIKWPWYI","RPIIRPATL","Unlikely receptor pairs",1.45623213194261,0.0852704285714286,0.780161571428571,21,"CAFLNAGGTSYGKLTF","CASSWNGLAGDEQFF","CAPYSGGSNYKLTF","CASSLIGNEQFF",0.612903225806452,0.626262626262626,0.727272727272727,-5.36104489246092,-0.130299325246849,"CDR3","Combined","Model 2","All","All features"
"Yes",0.221090826672554,0.778909173327446,"train/test split",50663,"No","Preprocessor1_Model1","[-20.3125, -9.8125, -2.03125]","[-20.3125, -9.8125, -2.03125]",0,0.744069,0.994505,0,0.78125,0.998437840360491,0.049001,"vdj_NLVPMVATV_469_vdj_QYIKWPWYI_8","vdj_NLVPMVATV_469","vdj_QYIKWPWYI_8","NLVPMVATV","QYIKWPWYI","Unlikely receptor pairs",1.02507467692423,0.130511,0.829811,13,"CAASGNTGNQFYF","CASSYNEQFF","CAARSGNTPLVF","CASSLGETIYGYTF",0.391304347826087,0.54320987654321,0.726872246696035,-5.82021230615983,1.04662775030582,"CDR3","Combined","Model 2","All","All features"
"Yes",0.244319168738685,0.755680831261315,"train/test split",44145,"No","Preprocessor1_Model1","[16.25, -9.8125, 10.15625]","[14.21875, -11.84375, 8.125]",3.51822820287428,0.349557,0.894994,0,2.42051373033701,0.997130242947994,-0.0193785,"vdj_HPNGYKSLSTL_37_vdj_QYIKWPWYI_63","vdj_HPNGYKSLSTL_37","vdj_QYIKWPWYI_63","HPNGYKSLSTL","QYIKWPWYI","Unlikely receptor pairs",3.37629546554015,-0.0391908,0.7421247,10,"CAMREGPKLTGGGNKLTF","CSANPRDESYNEQFF","CALSDLVLGSNYQLIW","CSARDQQGAHLEQYF",0.333333333333333,0.476190476190476,0.724576271186441,-2.29030939858795,-0.106503698473319,"CDR3","Combined","Model 2","All","All features"
"Yes",0.222125303918659,0.777874696081341,"train/test split",41675,"No","Preprocessor1_Model1","[-14.21875, -9.8125, -8.125]","[-14.21875, -9.8125, -8.125]",0,0.615047,0.950549,0,0.15625,0.999899859038381,0.308232,"vdj_GLCTLVAML_16_vdj_NLVPMVATV_489","vdj_GLCTLVAML_16","vdj_NLVPMVATV_489","GLCTLVAML","NLVPMVATV","Unlikely receptor pairs",0.15625,0.225019307692308,0.813092769230769,13,"CAESTSGGKLIF","CSVGTGGTNEKLFF","CAEEMDSSYKLIF","CSAPFPGQGDYGYTF",0.384615384615385,0.534090909090909,0.724444444444444,-6.69958580446881,1.82541743564921,"CDR3","Combined","Model 2","All","All features"
"Yes",0.2029872143751,0.7970127856249,"train/test split",52614,"No","Preprocessor1_Model1","[10.15625, -9.8125, 10.15625]","[10.15625, -9.8125, 8.125]",2.03125,0.509708,0.7442,0,1.09025088284056,0.998643172140403,0.094758,"vdj_QMMVKAGL_57_vdj_RPIIRPATL_20","vdj_QMMVKAGL_57","vdj_RPIIRPATL_20","QMMVKAGL","RPIIRPATL","Unlikely receptor pairs",1.49330217274583,0.0747174210526316,0.774307526315789,19,"CAANTGNQFYF","CASSWRTGNSGELFF","CAASGGSNYKLTF","CASRQEGRPMNTEAFF",0.384615384615385,0.528735632183908,0.724444444444444,-4.77588054887017,0.175061516149784,"CDR3","Combined","Model 2","All","All features"
"Yes",0.249549454992535,0.750450545007465,"train/test split",52429,"No","Preprocessor1_Model1","[16.25, -15.90625, 10.15625]","[18.28125, -13.875, 10.15625]",2.87262129857035,0.442659,0.810134,0,1.13550326982411,0.998176280820761,-0.0856625,"vdj_QMMVKAGL_57_vdj_QYIKWPWYI_8","vdj_QMMVKAGL_57","vdj_QYIKWPWYI_8","QMMVKAGL","QYIKWPWYI","Unlikely receptor pairs",1.73975155309742,-0.0135299166666667,0.772181583333333,12,"CAANTGNQFYF","CASSWRTGNSGELFF","CAARSGNTPLVF","CASSLGETIYGYTF",0.423076923076923,0.551724137931034,0.724444444444444,-3.06114815701783,-0.594498680027009,"Full","Combined","Model 2","All","All features"
"Yes",0.253094379622186,0.746905620377814,"train/test split",34707,"No","Preprocessor1_Model1","[-8.125, -9.8125, 4.0625]","[-10.15625, -13.875, 4.0625]",4.54201307929645,0.112019,0.862637,2,1.08574879526922,0.998321825554786,-0.0576,"iedb_TTDPSFLGRY_294_iedb_YLQPRTFLL_184","iedb_TTDPSFLGRY_294","iedb_YLQPRTFLL_184","TTDPSFLGRY","YLQPRTFLL","Unlikely receptor pairs",2.09975186847092,-0.0378158571428571,0.803767714285714,7,"CAPGGSYIPTF","CASSFTQGAEAFF","CATRNTDKLIF","CASSFGRGGSQPQHF",0.333333333333333,0.5,0.723981900452489,-1.93350028455734,-0.625199360051797,"CDR3","Combined","Model 2","All","All features"
"Yes",0.185033947963259,0.814966052036741,"train/test split",31937,"No","Preprocessor1_Model1","[16.25, -9.8125, 10.15625]","[16.25, -11.84375, 8.125]",2.87262129857035,0.504588,0.869353,0,1.12179447830808,0.99491705752625,-0.064829,"iedb_SPRWYFYYL_350_iedb_YLQPRTFLL_184","iedb_SPRWYFYYL_350","iedb_YLQPRTFLL_184","SPRWYFYYL","YLQPRTFLL","Unlikely receptor pairs",2.84402027657581,-0.0138075,0.7402015,20,"CVVKRHTDKLIF","CASSPLAGGFEKKETQYF","CATRNTDKLIF","CASSFGRGGSQPQHF",0.533333333333333,0.557894736842105,0.723684210526316,-3.89832531219105,-0.455458887989591,"CDR3","Combined","Model 2","All","All features"
"Yes",0.205516491397102,0.794483508602898,"train/test split",43684,"No","Preprocessor1_Model1","[-8.125, -9.8125, -2.03125]","[-6.09375, -9.8125, -2.03125]",2.03125,0.284949,0.673382,0,1.30728129145949,0.997884485014166,0.073577,"vdj_HPNGYKSLSTL_2_vdj_KLVALGINAV_2","vdj_HPNGYKSLSTL_2","vdj_KLVALGINAV_2","HPNGYKSLSTL","KLVALGINAV","Unlikely receptor pairs",2.1762810011566,0.046311,0.758429615384615,13,"CAYRSATGYALNF","CASSLYGSVQNEQFF","CATHTGKLIF","CASSWSASYEQYF",0.5,0.580645161290323,0.723684210526316,-3.03510174978116,-0.243261649845674,"CDR3","Combined","Model 2","All","All features"
"Yes",0.173191730166758,0.826808269833242,"train/test split",45204,"No","Preprocessor1_Model1","[-14.21875, -9.8125, -14.21875]","[-14.21875, -9.8125, -14.21875]",0,0.585011,0.937729,0,1.23008863861001,0.99724127517008,0.147487,"vdj_HPNGYKSLSTL_48_vdj_KLVALGINAV_2","vdj_HPNGYKSLSTL_48","vdj_KLVALGINAV_2","HPNGYKSLSTL","KLVALGINAV","Unlikely receptor pairs",1.68942628629544,0.121545043478261,0.804162043478261,23,"CAYRSANNYQLIW","CASSLYGSSYNEQFF","CATHTGKLIF","CASSWSASYEQYF",0.464285714285714,0.559139784946237,0.723684210526316,-6.50430277632488,0.906410931478334,"CDR3","Combined","Model 2","All","All features"
"Yes",0.249132173354418,0.750867826645582,"train/test split",14389,"No","Preprocessor1_Model1","[-14.21875, -9.8125, -2.03125]","[-14.21875, -11.84375, -2.03125]",2.03125,0.234048,0.713675,0,1.36876958389214,0.996548491476643,-0.0377865,"iedb_GILGFVFTL_285_iedb_QYIKWPWYI_22","iedb_GILGFVFTL_285","iedb_QYIKWPWYI_22","GILGFVFTL","QYIKWPWYI","Unlikely receptor pairs",1.94982489316671,-0.0151745714285714,0.728109142857143,14,"CAVRANFGNEKLTF","CASSYPLLYSGANTGELFF","CAKTQGAQKLVF","CASSTLAEETQYF",0.393939393939394,0.510204081632653,0.723684210526316,-2.46828228472024,-1.06402868391298,"Full","Combined","Model 2","All","All features"
"Yes",0.244280620375566,0.755719379624434,"train/test split",21323,"No","Preprocessor1_Model1","[10.15625, -9.8125, -8.125]","[10.15625, -9.8125, -8.125]",0,0.406874,0.973138,0,0.590267565271133,0.997874766640687,0.006955,"iedb_GLCTLVAML_68_vdj_KLVALGINAV_8","iedb_GLCTLVAML_68","vdj_KLVALGINAV_8","GLCTLVAML","KLVALGINAV","Unlikely receptor pairs",1.82435174390619,0.0333719333333333,0.800529066666667,15,"CAESNADNNDMRF","CSVEAVGDGIYNEQFF","CAEIGTDKLIF","CSANSRTGLGYTF",0.344827586206897,0.5,0.723684210526316,-4.68295805294441,-0.136216782355038,"Full","Combined","Model 2","All","All features"
"Yes",0.210126262354507,0.789873737645493,"train/test split",34966,"No","Preprocessor1_Model1","[-20.3125, -9.8125, -8.125]","[-20.3125, -9.8125, -8.125]",0,0.471341,0.894383,0,1.54966038090369,0.994797869591375,0.009235,"iedb_TTDPSFLGRY_372_vdj_HPNGYKSLSTL_28","iedb_TTDPSFLGRY_372","vdj_HPNGYKSLSTL_28","TTDPSFLGRY","HPNGYKSLSTL","Unlikely receptor pairs",2.82140010552023,0.0248145625,0.7888429375,16,"CAYTPYNTDKLIF","CASSYGEYGANVLTF","CAYRSASNYQLIW","CASSLYPGANTEAFF",0.428571428571429,0.548387096774194,0.723684210526316,-4.33145555317371,0.111352318722972,"Full","Combined","Model 2","All","All features"
"Yes",0.239453938184027,0.760546061815973,"train/test split",43517,"No","Preprocessor1_Model1","[-8.125, -9.8125, -2.03125]","[-8.125, -9.8125, -2.03125]",0,0.528657,0.798535,0,0.428225099814468,0.998735325598665,-0.021288,"vdj_HPNGYKSLSTL_2_vdj_KLVALGINAV_27","vdj_HPNGYKSLSTL_2","vdj_KLVALGINAV_27","HPNGYKSLSTL","KLVALGINAV","Unlikely receptor pairs",0.794043155906579,0.0442442,0.7836386,15,"CAYRSATGYALNF","CASSLYGSVQNEQFF","CAYNDMRF","CASSQETQYF",0.392857142857143,0.505376344086022,0.723684210526316,-4.45925375016656,-0.472465602801855,"Full","Combined","Model 2","All","All features"
"Yes",0.237107502184761,0.762892497815239,"train/test split",21713,"No","Preprocessor1_Model1","[-14.21875, -9.8125, -8.125]","[-14.21875, -9.8125, -8.125]",0,0.54625,0.938339,0,0.349385621484342,0.998832481603223,0.198279,"iedb_GLCTLVAML_71_vdj_NLVPMVATV_489","iedb_GLCTLVAML_71","vdj_NLVPMVATV_489","GLCTLVAML","NLVPMVATV","Unlikely receptor pairs",0.583132938682637,0.06711,0.776134,13,"CAESSRGKLIF","CSVGTGGTNEKLFF","CAEEMDSSYKLIF","CSAPFPGQGDYGYTF",0.36,0.523255813953488,0.723214285714286,-5.24000963457701,0.580647832851902,"CDR3","Combined","Model 2","All","All features"
"Yes",0.229866494820505,0.770133505179495,"train/test split",12534,"No","Preprocessor1_Model1","[-20.3125, -9.8125, -2.03125]","[-20.3125, -9.8125, -2.03125]",0,0.302578,0.962149,1,0.959516782602077,0.98944697551966,0.096383,"iedb_GILGFVFTL_205_iedb_VLFGLGFAI_21","iedb_GILGFVFTL_205","iedb_VLFGLGFAI_21","GILGFVFTL","VLFGLGFAI","Unlikely receptor pairs",3.52754098620203,-0.003142625,0.764652,16,"CAASGGTGNQFYF","CASRLAGSHEQYF","CAASGGSNYKLTF","CAISDLSITGGDNYGYTF",0.346153846153846,0.505747126436782,0.723214285714286,-4.06128259300213,0.190854964926008,"Full","Combined","Model 2","All","All features"
"Yes",0.214423826029726,0.785576173970274,"train/test split",40379,"No","Preprocessor1_Model1","[-2.03125, -15.90625, -14.21875]","[-6.09375, -15.90625, -14.21875]",4.0625,0.461618,0.71917,0,2.19400075727349,0.995622332755851,0.047041,"iedb_YLQPRTFLL_414_vdj_QMMVKAGL_34","iedb_YLQPRTFLL_414","vdj_QMMVKAGL_34","YLQPRTFLL","QMMVKAGL","Unlikely receptor pairs",2.80686683876654,0.0370801111111111,0.7453195,18,"CAVNRDDKIIF","CASSPDIEQYF","CAVNSGFSGGYNKLIF","CASSFRQGEAFF",0.318181818181818,0.5,0.722727272727273,-3.5520609596821,0.218751659725957,"CDR3","Combined","Model 2","All","All features"
"Yes",0.291275126088092,0.708724873911908,"train/test split",50490,"No","Preprocessor1_Model1","[-14.21875, -9.8125, 4.0625]","[-16.25, -9.8125, 4.0625]",2.03125,0.193141,0.799145,0,3.37456594431047,0.995018825696975,0.076267,"vdj_NLVPMVATV_469_vdj_RPIIRPATL_20","vdj_NLVPMVATV_469","vdj_RPIIRPATL_20","NLVPMVATV","RPIIRPATL","Unlikely receptor pairs",3.80216427626646,0.047939,0.8089134,5,"CAASGNTGNQFYF","CASSYNEQFF","CAASGGSNYKLTF","CASRQEGRPMNTEAFF",0.304347826086957,0.493827160493827,0.722466960352423,-2.08358035309619,0.913708101385123,"Full","Combined","Model 2","All","All features"
"Yes",0.218110157533918,0.781889842466082,"train/test split",54643,"No","Preprocessor1_Model1","[-20.3125, -9.8125, -8.125]","[-20.3125, -9.8125, -8.125]",0,0.182873,0.901099,1,0.83639705882353,0.997561442470127,-0.075658,"vdj_RPIIRPATL_5_vdj_YLQPRTFLL_134","vdj_RPIIRPATL_5","vdj_YLQPRTFLL_134","RPIIRPATL","YLQPRTFLL","Unlikely receptor pairs",1.07655863764961,-0.0828412352941176,0.760935117647059,17,"CAVRDGGGFKTIF","CASSEETGNQPQHF","CAVRNNNARLMF","CASRSAEAFF",0.37037037037037,0.488636363636364,0.721973094170404,-3.24710765287253,-1.61892558591623,"CDR3","Combined","Model 2","All","All features"
"Yes",0.227525309213167,0.772474690786833,"train/test split",22420,"No","Preprocessor1_Model1","[-14.21875, -15.90625, 4.0625]","[-14.21875, -15.90625, 2.03125]",2.03125,0.496243,0.894994,0,1.99464790293837,0.998264253315773,0.071026,"iedb_GLCTLVAML_89_iedb_VLFGLGFAI_14","iedb_GLCTLVAML_89","iedb_VLFGLGFAI_14","GLCTLVAML","VLFGLGFAI","Unlikely receptor pairs",2.46266994997791,0.108390571428571,0.765916642857143,14,"CASGGSQGNLIF","CASSFGTFETQYF","CAASGGSNYKLTF","CAISDRFMREEMTYGYPF",0.4,0.517647058823529,0.721973094170404,-4.4375250307935,0.807604844790136,"Full","Combined","Model 2","All","All features"
"Yes",0.211066061413345,0.788933938586655,"train/test split",22432,"No","Preprocessor1_Model1","[-14.21875, -15.90625, 4.0625]","[-14.21875, -15.90625, 4.0625]",0,0.565813,0.911477,0,0.722574783738081,0.997885581866966,-0.047181,"iedb_GLCTLVAML_89_iedb_VLFGLGFAI_3","iedb_GLCTLVAML_89","iedb_VLFGLGFAI_3","GLCTLVAML","VLFGLGFAI","Unlikely receptor pairs",1.71033868563822,0.0163255555555556,0.771401444444444,18,"CASGGSQGNLIF","CASSFGTFETQYF","CAASGGSNYKLTF","CASSGRFLREGMTYGYTF",0.44,0.541176470588235,0.721973094170404,-4.79594940913645,-0.467120392470493,"Full","Combined","Model 2","All","All features"
"Yes",0.202980986133962,0.797019013866038,"train/test split",22434,"No","Preprocessor1_Model1","[-14.21875, -15.90625, 4.0625]","[-14.21875, -15.90625, 4.0625]",0,0.745035,0.971306,0,0.491889637725944,0.999084817697373,0.2232705,"iedb_GLCTLVAML_89_iedb_VLFGLGFAI_43","iedb_GLCTLVAML_89","iedb_VLFGLGFAI_43","GLCTLVAML","VLFGLGFAI","Unlikely receptor pairs",0.806436083413591,0.193045388888889,0.823327833333333,18,"CASGGSQGNLIF","CASSFGTFETQYF","CAARVENNTAKLIF","CAISDWSTYEQYF",0.4,0.517647058823529,0.721973094170404,-7.31535284181264,1.751203415864,"Full","Combined","Model 2","All","All features"
"Yes",0.306673478060458,0.693326521939542,"train/test split",26297,"No","Preprocessor1_Model1","[-20.3125, -9.8125, -8.125]","[-20.3125, -9.8125, -6.09375]",2.03125,0.320535,0.864469,0,1.23112341367301,0.998715752230552,0.089126,"iedb_RFPLTFGWCF_30_vdj_HPNGYKSLSTL_20","iedb_RFPLTFGWCF_30","vdj_HPNGYKSLSTL_20","RFPLTFGWCF","HPNGYKSLSTL","Unlikely receptor pairs",1.78351421449209,0.0504271428571429,0.782138428571429,7,"CAVENQGGKLIF","CASSPAAVNYGYTF","CAVRDRTPNSGYALNF","CASSFGTGEAFF",0.307692307692308,0.465116279069767,0.721973094170404,-3.21679130929691,0.384153374771394,"Full","Combined","Model 2","All","All features"
"Yes",0.204464601764185,0.795535398235815,"train/test split",43244,"No","Preprocessor1_Model1","[-26.40625, -9.8125, -8.125]","[-26.40625, -9.8125, -8.125]",0,0.908588,0.965201,0,0.44270067395335,0.996551228808095,0.037512,"vdj_HPNGYKSLSTL_26_vdj_KLVALGINAV_27","vdj_HPNGYKSLSTL_26","vdj_KLVALGINAV_27","HPNGYKSLSTL","KLVALGINAV","Unlikely receptor pairs",1.38476199202312,0.12667495,0.8047618,20,"CAYRSASNAGNMLTF","CASSLYRGSNQPQHF","CAYNDMRF","CASSQETQYF",0.4,0.505154639175258,0.721739130434783,-6.66663665952258,0.970203134381371,"CDR3","Combined","Model 2","All","All features"
"Yes",0.2118832306117,0.7881167693883,"train/test split",41914,"No","Preprocessor1_Model1","[-20.3125, -9.8125, -8.125]","[-20.3125, -9.8125, -8.125]",0,0.274012,0.711844,0,0.911551334540996,0.998390137833297,-0.0018905,"vdj_GLCTLVAML_17_vdj_YLQPRTFLL_141","vdj_GLCTLVAML_17","vdj_YLQPRTFLL_141","GLCTLVAML","YLQPRTFLL","Unlikely receptor pairs",1.87998010285914,-0.0518884166666667,0.748016,12,"CVVNGKDSSYKLIF","CASSGGAVAPSEQFF","CVVNGADKIIF","CASSPDIEAFF",0.551724137931034,0.619565217391304,0.721238938053097,-2.52032257263871,-1.20143940974537,"CDR3","Combined","Model 2","All","All features"
"Yes",0.188180571921131,0.811819428078869,"train/test split",39397,"No","Preprocessor1_Model1","[-20.3125, -9.8125, -8.125]","[-20.3125, -9.8125, -8.125]",0,0.776181,0.978632,0,1.27751827829933,0.996618038367209,0.124863,"iedb_VLFGLGFAI_6_vdj_QMMVKAGL_52","iedb_VLFGLGFAI_6","vdj_QMMVKAGL_52","VLFGLGFAI","QMMVKAGL","Unlikely receptor pairs",2.38607947531451,0.216381066666667,0.809279533333333,15,"CAVSADSGGSNYKLTF","CATSDLPYIGTRLNEQFF","CAVSGGYSTLTF","CASSMIPDMNTEAFF",0.5,0.567307692307692,0.721030042918455,-6.40750016669933,1.96289283747877,"Full","Combined","Model 2","All","All features"
"Yes",0.267908434017606,0.732091565982394,"train/test split",11522,"No","Preprocessor1_Model1","[-20.3125, -15.90625, -2.03125]","[-20.3125, -15.90625, -4.0625]",2.03125,0.474932,0.895604,0,0.665797820753293,0.995903835614893,0.008446,"iedb_GILGFVFTL_131_iedb_SPRWYFYYL_170","iedb_GILGFVFTL_131","iedb_SPRWYFYYL_170","GILGFVFTL","SPRWYFYYL","Unlikely receptor pairs",2.97125268293208,0.0288215454545455,0.755910636363636,11,"CATDAIPSDMRF","CASSFRSTDTQYF","CATVSFSGSARQLTF","CASSTLNKGGWDEQFF",0.24,0.44047619047619,0.720720720720721,-3.44083425056768,0.0971731280928749,"CDR3","Combined","Model 2","All","All features"
"Yes",0.211898623726658,0.788101376273342,"train/test split",30800,"No","Preprocessor1_Model1","[10.15625, -9.8125, 16.25]","[10.15625, -9.8125, 16.25]",0,0.314794,0.962759,0,2.03125,0.994696115084747,0.036126,"iedb_SPRWYFYYL_234_vdj_QMMVKAGL_36","iedb_SPRWYFYYL_234","vdj_QMMVKAGL_36","SPRWYFYYL","QMMVKAGL","Unlikely receptor pairs",2.69293460676975,0.0618093636363636,0.785325636363636,11,"CALSEAGYSTLTF","CASGTGEGSYNEQFF","CAYRSAARDSNYQLIW","CASGLLTSGSINEQFF",0.464285714285714,0.537634408602151,0.720524017467249,-3.63991491370109,0.400868734121417,"CDR3","Combined","Model 2","All","All features"
"Yes",0.266089158253696,0.733910841746304,"train/test split",19929,"No","Preprocessor1_Model1","[22.34375, -9.8125, 4.0625]","[22.34375, -9.8125, 6.09375]",2.03125,0.084699,0.87851,0,1.3673270018115,0.993316363656749,-0.088933,"iedb_GLCTLVAML_29_vdj_SPRWYFYYL_23","iedb_GLCTLVAML_29","vdj_SPRWYFYYL_23","GLCTLVAML","SPRWYFYYL","Unlikely receptor pairs",3.27648144251683,-0.062795125,0.70428875,8,"CAEDAGNMLTF","CSVTGDRRSNQPQHF","CAALPSADYKLSF","CSVDALLGAYTQYF",0.307692307692308,0.5,0.72,-1.09343244913294,-1.16437231113087,"CDR3","Combined","Model 2","All","All features"
"Yes",0.231347449387746,0.768652550612254,"train/test split",20495,"No","Preprocessor1_Model1","[-14.21875, -9.8125, -14.21875]","[-14.21875, -9.8125, -14.21875]",0,0.643246,0.962759,0,0.697921525169656,0.998737678597291,0.3246635,"iedb_GLCTLVAML_53_vdj_KLVALGINAV_8","iedb_GLCTLVAML_53","vdj_KLVALGINAV_8","GLCTLVAML","KLVALGINAV","Unlikely receptor pairs",0.697921525169656,0.213789083333333,0.877034833333333,12,"CAEDNYGQNFVF","CSGREDSTNEKLFF","CAEIGTDKLIF","CSANSRTGLGYTF",0.307692307692308,0.477272727272727,0.72,-6.93053589040225,2.37524348130997,"CDR3","Combined","Model 2","All","All features"
"Yes",0.181725239763189,0.818274760236811,"train/test split",22808,"No","Preprocessor1_Model1","[16.25, -9.8125, 4.0625]","[16.25, -9.8125, 4.0625]",0,0.833085,0.974969,0,0.677083333333333,0.997331707517649,0.252117,"iedb_GLCTLVAML_96_iedb_TTDPSFLGRY_19","iedb_GLCTLVAML_96","iedb_TTDPSFLGRY_19","GLCTLVAML","TTDPSFLGRY","Unlikely receptor pairs",1.34673789570415,0.205449952380952,0.775946285714286,21,"CAVLRGGADGLTF","CASSSGAGLDEQFF","CAESKSGYNKLIF","CASSLVPGHNEQFF",0.518518518518519,0.595505617977528,0.72,-7.4279742550765,1.85368182018197,"CDR3","Combined","Model 2","All","All features"
"Yes",0.218799073209161,0.781200926790839,"train/test split",49846,"No","Preprocessor1_Model1","[4.0625, -9.8125, 10.15625]","[4.0625, -9.8125, 10.15625]",0,0.237515,0.785104,0,1.25677181812453,0.993247512912068,-0.0963735,"vdj_NLVPMVATV_240_vdj_SPRWYFYYL_390","vdj_NLVPMVATV_240","vdj_SPRWYFYYL_390","NLVPMVATV","SPRWYFYYL","Unlikely receptor pairs",2.51723910742966,-0.0716389375,0.76568225,16,"CAVTYNNNDMRF","CAAGTRTDTQYF","CAATSGTYKYIF","CASSYLPTGGTDTQYF",0.375,0.506172839506173,0.719457013574661,-2.65020241522088,-1.30593264956224,"CDR3","Combined","Model 2","All","All features"
"Yes",0.259030129637321,0.740969870362679,"train/test split",34971,"No","Preprocessor1_Model1","[-20.3125, -9.8125, -8.125]","[-20.3125, -9.8125, -8.125]",0,0.169693,0.767399,0,1.94529681218574,0.995084663616128,-0.100971,"iedb_TTDPSFLGRY_372_vdj_HPNGYKSLSTL_39","iedb_TTDPSFLGRY_372","vdj_HPNGYKSLSTL_39","TTDPSFLGRY","HPNGYKSLSTL","Unlikely receptor pairs",2.3867585272553,-0.105675692307692,0.737296923076923,13,"CAYTPYNTDKLIF","CASSYGEYGANVLTF","CAYRSAIRNTPLVF","CASSLYSNQPQHF",0.392857142857143,0.526881720430108,0.719298245614035,-1.82041923464331,-1.63442087247411,"Full","Combined","Model 2","All","All features"
"Yes",0.247092558105647,0.752907441894353,"train/test split",12664,"No","Preprocessor1_Model1","[-8.125, -15.90625, -8.125]","[-8.125, -13.875, -10.15625]",2.87262129857035,0.329877,0.822955,2,1.51400435976548,0.997212968246544,-0.003359,"iedb_GILGFVFTL_205_iedb_VLFGLGFAI_14","iedb_GILGFVFTL_205","iedb_VLFGLGFAI_14","GILGFVFTL","VLFGLGFAI","Unlikely receptor pairs",2.54484921414782,-0.0201033333333333,0.7575295,12,"CAASGGTGNQFYF","CASRLAGSHEQYF","CAASGGSNYKLTF","CAISDRFMREEMTYGYPF",0.307692307692308,0.482758620689655,0.71875,-2.76727943768141,-0.366047507935449,"CDR3","Combined","Model 2","All","All features"
"Yes",0.267216698633098,0.732783301366902,"train/test split",35352,"No","Preprocessor1_Model1","[-14.21875, -9.8125, -14.21875]","[-14.21875, -9.8125, -14.21875]",0,0.590073,0.911477,1,0.290178571428571,0.999285421734459,0.201108,"iedb_TTDPSFLGRY_56_iedb_YLQPRTFLL_184","iedb_TTDPSFLGRY_56","iedb_YLQPRTFLL_184","TTDPSFLGRY","YLQPRTFLL","Unlikely receptor pairs",3.70202865049284,0.0445405,0.772079666666667,12,"CATDGDSGYALNF","CATLSGDIYNEQFF","CATRNTDKLIF","CASSFGRGGSQPQHF",0.333333333333333,0.5,0.71875,-4.84563011661096,0.92948916992152,"Full","Combined","Model 2","All","All features"
"Yes",0.255091086068818,0.744908913931182,"train/test split",41904,"No","Preprocessor1_Model1","[-20.3125, -9.8125, -8.125]","[-20.3125, -9.8125, -8.125]",0,0.71671,0.950549,0,0.523441143877242,0.998240150972431,0.3000125,"vdj_GLCTLVAML_372_vdj_SPRWYFYYL_37","vdj_GLCTLVAML_372","vdj_SPRWYFYYL_37","GLCTLVAML","SPRWYFYYL","Unlikely receptor pairs",0.528414156076064,0.1731054375,0.8475655,16,"CAVYGQNFVF","CSARDGTGNGYTF","CACLTGTASKLTF","CSVVPLMGGYEQYF",0.217391304347826,0.457831325301205,0.71875,-7.25499989066377,2.04643060341122,"Full","Combined","Model 2","All","All features"
"Yes",0.261757309183001,0.738242690816999,"train/test split",24527,"No","Preprocessor1_Model1","[16.25, -9.8125, 4.0625]","[16.25, -9.8125, 4.0625]",0,0.313622,0.785714,0,1.49708757897987,0.994479046759191,0.014179,"iedb_QYIKWPWYI_22_iedb_SPRWYFYYL_350","iedb_QYIKWPWYI_22","iedb_SPRWYFYYL_350","QYIKWPWYI","SPRWYFYYL","Unlikely receptor pairs",2.25340060695507,0.00182411111111111,0.760276888888889,9,"CAKTQGAQKLVF","CASSTLAEETQYF","CVVKRHTDKLIF","CASSPLAGGFEKKETQYF",0.44,0.475609756097561,0.718181818181818,-2.63354021312011,-0.310854782747893,"Full","Combined","Model 2","All","All features"
"Yes",0.267322935584624,0.732677064415376,"train/test split",24763,"No","Preprocessor1_Model1","[16.25, -9.8125, 4.0625]","[16.25, -9.8125, 6.09375]",2.03125,0.275677,0.78083,0,1.79538831160647,0.995998047814382,-0.0119525,"iedb_QYIKWPWYI_75_iedb_TTDPSFLGRY_275","iedb_QYIKWPWYI_75","iedb_TTDPSFLGRY_275","QYIKWPWYI","TTDPSFLGRY","Unlikely receptor pairs",3.8849085944667,0.003606875,0.780067,8,"CAVESYNTDKLIF","CASSSYTQRGLDYTGELFF","CAVANAGGTSYGKLTF","CASRKDRNLLNTEAFF",0.40625,0.5,0.718061674008811,-2.18798629660351,-0.0192430372009421,"Full","Combined","Model 2","All","All features"
"Yes",0.204332827870018,0.795667172129982,"train/test split",22559,"No","Preprocessor1_Model1","[16.25, -9.8125, 10.15625]","[16.25, -9.8125, 10.15625]",0,0.666713,0.941392,0,0.40625,0.999393037805529,0.201795,"iedb_GLCTLVAML_89_iedb_TTDPSFLGRY_19","iedb_GLCTLVAML_89","iedb_TTDPSFLGRY_19","GLCTLVAML","TTDPSFLGRY","Unlikely receptor pairs",0.505381880191619,0.2067618,0.8196174,15,"CASGGSQGNLIF","CASSFGTFETQYF","CAESKSGYNKLIF","CASSLVPGHNEQFF",0.48,0.576470588235294,0.717488789237668,-6.58890363063888,1.50590963020466,"CDR3","Combined","Model 2","All","All features"
"Yes",0.231748771998371,0.768251228001629,"train/test split",22580,"No","Preprocessor1_Model1","[-14.21875, -15.90625, 4.0625]","[-14.21875, -15.90625, 2.03125]",2.03125,0.425172,0.873016,0,0.811898816047911,0.994330310823505,0.040039,"iedb_GLCTLVAML_89_iedb_VLFGLGFAI_21","iedb_GLCTLVAML_89","iedb_VLFGLGFAI_21","GLCTLVAML","VLFGLGFAI","Unlikely receptor pairs",1.98421205278081,0.0338265384615385,0.805062461538462,13,"CASGGSQGNLIF","CASSFGTFETQYF","CAASGGSNYKLTF","CAISDLSITGGDNYGYTF",0.36,0.494117647058824,0.717488789237668,-3.99105924524232,0.258388327915081,"CDR3","Combined","Model 2","All","All features"
"Yes",0.21113302013602,0.78886697986398,"train/test split",43240,"No","Preprocessor1_Model1","[-20.3125, -9.8125, -8.125]","[-20.3125, -9.8125, -8.125]",0,0.715216,0.959096,0,0.869866071329473,0.997152853208957,-0.023852,"vdj_HPNGYKSLSTL_26_vdj_KLVALGINAV_23","vdj_HPNGYKSLSTL_26","vdj_KLVALGINAV_23","HPNGYKSLSTL","KLVALGINAV","Unlikely receptor pairs",1.99240068139002,0.0199547058823529,0.775120176470588,17,"CAYRSASNAGNMLTF","CASSLYRGSNQPQHF","CATYSGGGADGLTF","CASSYTGELFF",0.466666666666667,0.556701030927835,0.717391304347826,-5.00526924130551,0.0539435418008145,"CDR3","Combined","Model 2","All","All features"
