"epitope",".metric","both","cdr3","full"
"GILGFVFTL","accuracy",0.73,0.499,0.737
"GLCTLVAML","accuracy",0.78,0.647,0.777
"HPNGYKSLSTL","accuracy",0.684,0.541,0.674
"KLVALGINAV","accuracy",0.748,0.565,0.746
"NLVPMVATV","accuracy",0.742,0.57,0.746
"QMMVKAGL","accuracy",0.756,0.587,0.758
"QYIKWPWYI","accuracy",0.7,0.565,0.698
"RFPLTFGWCF","accuracy",0.799,0.489,0.805
"RPIIRPATL","accuracy",0.733,0.61,0.723
"SPRWYFYYL","accuracy",0.741,0.607,0.73
"TTDPSFLGRY","accuracy",0.68,0.613,0.677
"VLFGLGFAI","accuracy",0.695,0.595,0.682
"YLQPRTFLL","accuracy",0.771,0.603,0.761
"GILGFVFTL","kap",0.124,0.028,0.125
"GLCTLVAML","kap",0.075,0.016,0.073
"HPNGYKSLSTL","kap",0.038,0.029,0.032
"KLVALGINAV","kap",0.112,0.015,0.11
"NLVPMVATV","kap",0,0.02,0.001
"QMMVKAGL","kap",0,0.008,0
"QYIKWPWYI","kap",-0.039,0.005,-0.043
"RFPLTFGWCF","kap",0.057,0.012,0.054
"RPIIRPATL","kap",0.033,0.022,0.035
"SPRWYFYYL","kap",0.012,-0.007,0.009
"TTDPSFLGRY","kap",0.046,0.002,0.053
"VLFGLGFAI","kap",0.042,0.03,0.034
"YLQPRTFLL","kap",0.017,0.007,0.009
"GILGFVFTL","sens",0.851,0.73,0.838
"GLCTLVAML","sens",0.392,0.402,0.392
"HPNGYKSLSTL","sens",0.465,0.64,0.453
"KLVALGINAV","sens",0.67,0.523,0.67
"NLVPMVATV","sens",0.245,0.592,0.245
"QMMVKAGL","sens",0.224,0.463,0.224
"QYIKWPWYI","sens",0.128,0.462,0.115
"RFPLTFGWCF","sens",0.413,0.63,0.391
"RPIIRPATL","sens",0.359,0.489,0.38
"SPRWYFYYL","sens",0.3,0.34,0.3
"TTDPSFLGRY","sens",0.667,0.4,0.733
"VLFGLGFAI","sens",0.519,0.611,0.5
"YLQPRTFLL","sens",0.264,0.431,0.25
"GILGFVFTL","spec",0.726,0.49,0.733
"GLCTLVAML","spec",0.8,0.66,0.797
"HPNGYKSLSTL","spec",0.694,0.536,0.683
"KLVALGINAV","spec",0.751,0.566,0.749
"NLVPMVATV","spec",0.756,0.569,0.76
"QMMVKAGL","spec",0.775,0.591,0.776
"QYIKWPWYI","spec",0.724,0.569,0.723
"RFPLTFGWCF","spec",0.81,0.485,0.816
"RPIIRPATL","spec",0.75,0.616,0.739
"SPRWYFYYL","spec",0.754,0.615,0.743
"TTDPSFLGRY","spec",0.68,0.618,0.675
"VLFGLGFAI","spec",0.701,0.595,0.687
"YLQPRTFLL","spec",0.791,0.609,0.781
"GILGFVFTL","f_meas",0.178,0.091,0.179
"GLCTLVAML","f_meas",0.148,0.1,0.146
"HPNGYKSLSTL","f_meas",0.107,0.102,0.102
"KLVALGINAV","f_meas",0.172,0.086,0.171
"NLVPMVATV","f_meas",0.05,0.07,0.05
"QMMVKAGL","f_meas",0.058,0.07,0.059
"QYIKWPWYI","f_meas",0.033,0.079,0.03
"RFPLTFGWCF","f_meas",0.102,0.064,0.1
"RPIIRPATL","f_meas",0.106,0.1,0.109
"SPRWYFYYL","f_meas",0.063,0.048,0.061
"TTDPSFLGRY","f_meas",0.087,0.045,0.094
"VLFGLGFAI","f_meas",0.096,0.086,0.089
"YLQPRTFLL","f_meas",0.08,0.075,0.073
"GILGFVFTL","precision",0.099,0.048,0.1
"GLCTLVAML","precision",0.091,0.057,0.09
"HPNGYKSLSTL","precision",0.061,0.055,0.057
"KLVALGINAV","precision",0.099,0.047,0.098
"NLVPMVATV","precision",0.028,0.037,0.028
"QMMVKAGL","precision",0.033,0.038,0.034
"QYIKWPWYI","precision",0.019,0.043,0.017
"RFPLTFGWCF","precision",0.058,0.034,0.057
"RPIIRPATL","precision",0.062,0.056,0.063
"SPRWYFYYL","precision",0.035,0.026,0.034
"TTDPSFLGRY","precision",0.046,0.024,0.05
"VLFGLGFAI","precision",0.053,0.046,0.049
"YLQPRTFLL","precision",0.047,0.041,0.043
"GILGFVFTL","recall",0.851,0.73,0.838
"GLCTLVAML","recall",0.392,0.402,0.392
"HPNGYKSLSTL","recall",0.465,0.64,0.453
"KLVALGINAV","recall",0.67,0.523,0.67
"NLVPMVATV","recall",0.245,0.592,0.245
"QMMVKAGL","recall",0.224,0.463,0.224
"QYIKWPWYI","recall",0.128,0.462,0.115
"RFPLTFGWCF","recall",0.413,0.63,0.391
"RPIIRPATL","recall",0.359,0.489,0.38
"SPRWYFYYL","recall",0.3,0.34,0.3
"TTDPSFLGRY","recall",0.667,0.4,0.733
"VLFGLGFAI","recall",0.519,0.611,0.5
"YLQPRTFLL","recall",0.264,0.431,0.25
"GILGFVFTL","bal_accuracy",0.789,0.61,0.786
"GLCTLVAML","bal_accuracy",0.596,0.531,0.594
"HPNGYKSLSTL","bal_accuracy",0.579,0.588,0.568
"KLVALGINAV","bal_accuracy",0.711,0.544,0.71
"NLVPMVATV","bal_accuracy",0.501,0.581,0.502
"QMMVKAGL","bal_accuracy",0.499,0.527,0.5
"QYIKWPWYI","bal_accuracy",0.426,0.515,0.419
"RFPLTFGWCF","bal_accuracy",0.612,0.558,0.604
"RPIIRPATL","bal_accuracy",0.554,0.553,0.56
"SPRWYFYYL","bal_accuracy",0.527,0.477,0.522
"TTDPSFLGRY","bal_accuracy",0.673,0.509,0.704
"VLFGLGFAI","bal_accuracy",0.61,0.603,0.594
"YLQPRTFLL","bal_accuracy",0.527,0.52,0.516
"GILGFVFTL","roc_auc",0.892,0.677,0.886
"GLCTLVAML","roc_auc",0.634,0.545,0.643
"HPNGYKSLSTL","roc_auc",0.672,0.652,0.67
"KLVALGINAV","roc_auc",0.762,0.584,0.765
"NLVPMVATV","roc_auc",0.565,0.564,0.562
"QMMVKAGL","roc_auc",0.497,0.544,0.471
"QYIKWPWYI","roc_auc",0.472,0.523,0.468
"RFPLTFGWCF","roc_auc",0.635,0.57,0.65
"RPIIRPATL","roc_auc",0.588,0.57,0.581
"SPRWYFYYL","roc_auc",0.547,0.463,0.569
"TTDPSFLGRY","roc_auc",0.778,0.556,0.785
"VLFGLGFAI","roc_auc",0.644,0.671,0.627
"YLQPRTFLL","roc_auc",0.511,0.513,0.515
"GILGFVFTL","pr_auc",0.39,0.191,0.354
"GLCTLVAML","pr_auc",0.132,0.057,0.132
"HPNGYKSLSTL","pr_auc",0.207,0.174,0.192
"KLVALGINAV","pr_auc",0.218,0.074,0.197
"NLVPMVATV","pr_auc",0.033,0.032,0.032
"QMMVKAGL","pr_auc",0.036,0.039,0.034
"QYIKWPWYI","pr_auc",0.05,0.041,0.05
"RFPLTFGWCF","pr_auc",0.28,0.24,0.256
"RPIIRPATL","pr_auc",0.071,0.083,0.068
"SPRWYFYYL","pr_auc",0.042,0.029,0.042
"TTDPSFLGRY","pr_auc",0.088,0.026,0.088
"VLFGLGFAI","pr_auc",0.316,0.324,0.245
"YLQPRTFLL","pr_auc",0.054,0.084,0.05
"GILGFVFTL","mn_log_loss",0.635,0.696,0.634
"GLCTLVAML","mn_log_loss",0.606,0.647,0.616
"HPNGYKSLSTL","mn_log_loss",0.673,0.682,0.683
"KLVALGINAV","mn_log_loss",0.634,0.658,0.648
"NLVPMVATV","mn_log_loss",0.639,0.672,0.647
"QMMVKAGL","mn_log_loss",0.623,0.661,0.632
"QYIKWPWYI","mn_log_loss",0.652,0.672,0.662
"RFPLTFGWCF","mn_log_loss",0.6,0.698,0.594
"RPIIRPATL","mn_log_loss",0.641,0.658,0.654
"SPRWYFYYL","mn_log_loss",0.636,0.662,0.647
"TTDPSFLGRY","mn_log_loss",0.662,0.665,0.677
"VLFGLGFAI","mn_log_loss",0.641,0.66,0.653
"YLQPRTFLL","mn_log_loss",0.613,0.661,0.62
