"Epitope","Dataset","Approach","Model","Epitopes","Feature","accuracy","kap","sens","spec","f_meas","precision","recall","bal_accuracy","roc_auc","pr_auc","mn_log_loss"
"GILGFVFTL","CDR3","Combined","Model 1","All","all.features",0.672,0.346,0.75,0.63,0.617,0.523,0.75,0.69,0.801,0.778,0.595
"GILGFVFTL","CDR3","Combined","Model 1","All","pca.features",0.605,0.223,0.692,0.557,0.552,0.459,0.692,0.625,0.708,0.657,0.651
"GILGFVFTL","CDR3","Combined","Model 1","All","tuned.features",0.672,0.341,0.731,0.641,0.61,0.524,0.731,0.686,0.801,0.78,0.595
"GLCTLVAML","CDR3","Combined","Model 1","All","all.features",0.67,0.278,0.527,0.75,0.533,0.538,0.527,0.638,0.627,0.591,0.645
"GLCTLVAML","CDR3","Combined","Model 1","All","pca.features",0.617,0.21,0.591,0.631,0.524,0.47,0.591,0.611,0.669,0.622,0.648
"GLCTLVAML","CDR3","Combined","Model 1","All","tuned.features",0.678,0.285,0.505,0.774,0.528,0.553,0.505,0.64,0.637,0.599,0.64
"HPNGYKSLSTL","CDR3","Combined","Model 1","All","all.features",0.66,0.267,0.594,0.691,0.528,0.475,0.594,0.642,0.708,0.618,0.616
"HPNGYKSLSTL","CDR3","Combined","Model 1","All","pca.features",0.58,0.129,0.547,0.596,0.455,0.389,0.547,0.571,0.625,0.523,0.667
"HPNGYKSLSTL","CDR3","Combined","Model 1","All","tuned.features",0.66,0.25,0.547,0.713,0.507,0.473,0.547,0.63,0.7,0.605,0.619
"KLVALGINAV","CDR3","Combined","Model 1","All","all.features",0.679,0.355,0.708,0.661,0.635,0.576,0.708,0.684,0.773,0.754,0.591
"KLVALGINAV","CDR3","Combined","Model 1","All","pca.features",0.627,0.278,0.761,0.54,0.616,0.518,0.761,0.651,0.74,0.707,0.64
"KLVALGINAV","CDR3","Combined","Model 1","All","tuned.features",0.693,0.373,0.681,0.701,0.636,0.597,0.681,0.691,0.778,0.759,0.592
"NLVPMVATV","CDR3","Combined","Model 1","All","all.features",0.534,-0.072,0.269,0.66,0.271,0.273,0.269,0.464,0.487,0.329,0.694
"NLVPMVATV","CDR3","Combined","Model 1","All","pca.features",0.601,0.068,0.343,0.723,0.357,0.371,0.343,0.533,0.534,0.344,0.671
"NLVPMVATV","CDR3","Combined","Model 1","All","tuned.features",0.601,0.013,0.239,0.773,0.278,0.333,0.239,0.506,0.492,0.333,0.687
"QMMVKAGL","CDR3","Combined","Model 1","All","all.features",0.622,0.089,0.362,0.728,0.357,0.352,0.362,0.545,0.579,0.371,0.661
"QMMVKAGL","CDR3","Combined","Model 1","All","pca.features",0.618,0.059,0.319,0.74,0.326,0.333,0.319,0.529,0.533,0.327,0.665
"QMMVKAGL","CDR3","Combined","Model 1","All","tuned.features",0.63,0.07,0.304,0.763,0.323,0.344,0.304,0.534,0.576,0.368,0.658
"QYIKWPWYI","CDR3","Combined","Model 1","All","all.features",0.611,0.074,0.271,0.797,0.33,0.422,0.271,0.534,0.575,0.439,0.666
"QYIKWPWYI","CDR3","Combined","Model 1","All","pca.features",0.566,0.025,0.329,0.695,0.348,0.371,0.329,0.512,0.482,0.408,0.689
"QYIKWPWYI","CDR3","Combined","Model 1","All","tuned.features",0.611,0.054,0.229,0.82,0.294,0.41,0.229,0.524,0.558,0.436,0.669
"RFPLTFGWCF","CDR3","Combined","Model 1","All","all.features",0.717,0.28,0.448,0.823,0.473,0.5,0.448,0.636,0.677,0.557,0.602
"RFPLTFGWCF","CDR3","Combined","Model 1","All","pca.features",0.62,0.196,0.603,0.626,0.473,0.389,0.603,0.615,0.667,0.561,0.645
"RFPLTFGWCF","CDR3","Combined","Model 1","All","tuned.features",0.737,0.315,0.448,0.85,0.491,0.542,0.448,0.649,0.677,0.562,0.603
"RPIIRPATL","CDR3","Combined","Model 1","All","all.features",0.674,0.253,0.5,0.755,0.493,0.486,0.5,0.627,0.644,0.455,0.661
"RPIIRPATL","CDR3","Combined","Model 1","All","pca.features",0.524,-0.029,0.375,0.594,0.333,0.3,0.375,0.484,0.513,0.402,0.692
"RPIIRPATL","CDR3","Combined","Model 1","All","tuned.features",0.661,0.202,0.431,0.768,0.446,0.463,0.431,0.599,0.644,0.451,0.661
"SPRWYFYYL","CDR3","Combined","Model 1","All","all.features",0.67,0.182,0.4,0.779,0.411,0.423,0.4,0.59,0.628,0.441,0.647
"SPRWYFYYL","CDR3","Combined","Model 1","All","pca.features",0.644,0.185,0.491,0.706,0.443,0.403,0.491,0.598,0.628,0.406,0.654
"SPRWYFYYL","CDR3","Combined","Model 1","All","tuned.features",0.681,0.181,0.364,0.809,0.396,0.435,0.364,0.586,0.637,0.45,0.643
"TTDPSFLGRY","CDR3","Combined","Model 1","All","all.features",0.733,0.42,0.789,0.713,0.606,0.492,0.789,0.751,0.775,0.443,0.646
"TTDPSFLGRY","CDR3","Combined","Model 1","All","pca.features",0.548,0.146,0.711,0.491,0.45,0.329,0.711,0.601,0.636,0.349,0.695
"TTDPSFLGRY","CDR3","Combined","Model 1","All","tuned.features",0.733,0.412,0.763,0.722,0.598,0.492,0.763,0.743,0.775,0.441,0.65
"VLFGLGFAI","CDR3","Combined","Model 1","All","all.features",0.696,0.27,0.511,0.769,0.485,0.462,0.511,0.64,0.709,0.58,0.609
"VLFGLGFAI","CDR3","Combined","Model 1","All","pca.features",0.542,0.054,0.511,0.554,0.384,0.308,0.511,0.532,0.562,0.427,0.678
"VLFGLGFAI","CDR3","Combined","Model 1","All","tuned.features",0.702,0.289,0.532,0.769,0.5,0.472,0.532,0.65,0.696,0.567,0.617
"YLQPRTFLL","CDR3","Combined","Model 1","All","all.features",0.608,0.084,0.306,0.772,0.355,0.422,0.306,0.539,0.57,0.451,0.659
"YLQPRTFLL","CDR3","Combined","Model 1","All","pca.features",0.511,-0.025,0.403,0.57,0.368,0.338,0.403,0.487,0.487,0.414,0.695
"YLQPRTFLL","CDR3","Combined","Model 1","All","tuned.features",0.591,0.032,0.258,0.772,0.308,0.381,0.258,0.515,0.553,0.441,0.662
"GILGFVFTL","CDR3","Combined","Model 2","GILGFVFTL","all.features",0.747,0.132,0.838,0.744,0.185,0.104,0.838,0.791,0.885,0.396,0.629
"GILGFVFTL","CDR3","Combined","Model 2","GILGFVFTL","pca.features",0.649,0.066,0.73,0.646,0.125,0.068,0.73,0.688,0.77,0.231,0.647
"GILGFVFTL","CDR3","Combined","Model 2","GILGFVFTL","tuned.features",0.748,0.133,0.838,0.745,0.186,0.104,0.838,0.792,0.886,0.395,0.629
"GLCTLVAML","CDR3","Combined","Model 2","GLCTLVAML","all.features",0.778,0.063,0.363,0.8,0.137,0.085,0.363,0.581,0.633,0.134,0.603
"GLCTLVAML","CDR3","Combined","Model 2","GLCTLVAML","pca.features",0.675,0.047,0.49,0.684,0.128,0.073,0.49,0.587,0.621,0.123,0.647
"GLCTLVAML","CDR3","Combined","Model 2","GLCTLVAML","tuned.features",0.781,0.069,0.373,0.802,0.142,0.088,0.373,0.587,0.636,0.132,0.604
"HPNGYKSLSTL","CDR3","Combined","Model 2","HPNGYKSLSTL","all.features",0.687,0.036,0.453,0.697,0.105,0.06,0.453,0.575,0.661,0.209,0.677
"HPNGYKSLSTL","CDR3","Combined","Model 2","HPNGYKSLSTL","pca.features",0.55,0.018,0.558,0.55,0.092,0.05,0.558,0.554,0.609,0.157,0.7
"HPNGYKSLSTL","CDR3","Combined","Model 2","HPNGYKSLSTL","tuned.features",0.688,0.037,0.453,0.698,0.106,0.06,0.453,0.576,0.664,0.208,0.676
"KLVALGINAV","CDR3","Combined","Model 2","KLVALGINAV","all.features",0.75,0.11,0.659,0.753,0.171,0.098,0.659,0.706,0.77,0.214,0.634
"KLVALGINAV","CDR3","Combined","Model 2","KLVALGINAV","pca.features",0.571,0.045,0.705,0.565,0.114,0.062,0.705,0.635,0.726,0.126,0.684
"KLVALGINAV","CDR3","Combined","Model 2","KLVALGINAV","tuned.features",0.751,0.114,0.67,0.755,0.174,0.1,0.67,0.713,0.768,0.211,0.635
"NLVPMVATV","CDR3","Combined","Model 2","NLVPMVATV","all.features",0.747,0.005,0.265,0.761,0.054,0.03,0.265,0.513,0.579,0.033,0.636
"NLVPMVATV","CDR3","Combined","Model 2","NLVPMVATV","pca.features",0.645,0.018,0.469,0.65,0.068,0.036,0.469,0.56,0.529,0.051,0.656
"NLVPMVATV","CDR3","Combined","Model 2","NLVPMVATV","tuned.features",0.748,0.006,0.265,0.762,0.055,0.03,0.265,0.513,0.577,0.033,0.636
"QMMVKAGL","CDR3","Combined","Model 2","QMMVKAGL","all.features",0.755,0.003,0.239,0.773,0.062,0.035,0.239,0.506,0.473,0.035,0.621
"QMMVKAGL","CDR3","Combined","Model 2","QMMVKAGL","pca.features",0.643,0.005,0.373,0.652,0.066,0.036,0.373,0.513,0.513,0.036,0.656
"QMMVKAGL","CDR3","Combined","Model 2","QMMVKAGL","tuned.features",0.755,0.003,0.239,0.773,0.062,0.035,0.239,0.506,0.475,0.035,0.622
"QYIKWPWYI","CDR3","Combined","Model 2","QYIKWPWYI","all.features",0.711,-0.041,0.115,0.736,0.031,0.018,0.115,0.426,0.471,0.05,0.651
"QYIKWPWYI","CDR3","Combined","Model 2","QYIKWPWYI","pca.features",0.622,-0.014,0.295,0.636,0.059,0.033,0.295,0.465,0.47,0.037,0.664
"QYIKWPWYI","CDR3","Combined","Model 2","QYIKWPWYI","tuned.features",0.712,-0.041,0.115,0.737,0.031,0.018,0.115,0.426,0.471,0.05,0.651
"RFPLTFGWCF","CDR3","Combined","Model 2","RFPLTFGWCF","all.features",0.802,0.053,0.391,0.813,0.099,0.056,0.391,0.602,0.646,0.269,0.599
"RFPLTFGWCF","CDR3","Combined","Model 2","RFPLTFGWCF","pca.features",0.691,0.047,0.587,0.694,0.095,0.052,0.587,0.64,0.698,0.204,0.637
"RFPLTFGWCF","CDR3","Combined","Model 2","RFPLTFGWCF","tuned.features",0.802,0.053,0.391,0.814,0.099,0.057,0.391,0.603,0.647,0.27,0.599
"RPIIRPATL","CDR3","Combined","Model 2","RPIIRPATL","all.features",0.725,0.024,0.337,0.743,0.098,0.057,0.337,0.54,0.589,0.07,0.64
"RPIIRPATL","CDR3","Combined","Model 2","RPIIRPATL","pca.features",0.605,-0.01,0.337,0.618,0.07,0.039,0.337,0.477,0.495,0.058,0.672
"RPIIRPATL","CDR3","Combined","Model 2","RPIIRPATL","tuned.features",0.725,0.024,0.337,0.743,0.098,0.057,0.337,0.54,0.588,0.07,0.64
"SPRWYFYYL","CDR3","Combined","Model 2","SPRWYFYYL","all.features",0.742,0.016,0.32,0.754,0.067,0.038,0.32,0.537,0.553,0.045,0.637
"SPRWYFYYL","CDR3","Combined","Model 2","SPRWYFYYL","pca.features",0.608,0.019,0.52,0.611,0.072,0.039,0.52,0.565,0.572,0.039,0.672
"SPRWYFYYL","CDR3","Combined","Model 2","SPRWYFYYL","tuned.features",0.745,0.013,0.3,0.758,0.064,0.036,0.3,0.529,0.554,0.044,0.637
"TTDPSFLGRY","CDR3","Combined","Model 2","TTDPSFLGRY","all.features",0.682,0.051,0.7,0.681,0.091,0.049,0.7,0.691,0.783,0.096,0.663
"TTDPSFLGRY","CDR3","Combined","Model 2","TTDPSFLGRY","pca.features",0.561,0.025,0.7,0.558,0.068,0.036,0.7,0.629,0.678,0.148,0.694
"TTDPSFLGRY","CDR3","Combined","Model 2","TTDPSFLGRY","tuned.features",0.684,0.051,0.7,0.684,0.092,0.049,0.7,0.692,0.781,0.097,0.664
"VLFGLGFAI","CDR3","Combined","Model 2","VLFGLGFAI","all.features",0.709,0.046,0.519,0.715,0.1,0.055,0.519,0.617,0.638,0.312,0.638
"VLFGLGFAI","CDR3","Combined","Model 2","VLFGLGFAI","pca.features",0.612,0.023,0.537,0.614,0.079,0.043,0.537,0.576,0.646,0.141,0.659
"VLFGLGFAI","CDR3","Combined","Model 2","VLFGLGFAI","tuned.features",0.71,0.046,0.519,0.716,0.1,0.055,0.519,0.617,0.639,0.316,0.639
"YLQPRTFLL","CDR3","Combined","Model 2","YLQPRTFLL","all.features",0.774,0.022,0.278,0.793,0.085,0.05,0.278,0.536,0.513,0.055,0.613
"YLQPRTFLL","CDR3","Combined","Model 2","YLQPRTFLL","pca.features",0.634,0.006,0.389,0.644,0.074,0.041,0.389,0.516,0.55,0.052,0.66
"YLQPRTFLL","CDR3","Combined","Model 2","YLQPRTFLL","tuned.features",0.777,0.023,0.278,0.796,0.085,0.051,0.278,0.537,0.513,0.055,0.613
"GILGFVFTL","CDR3","Structure","Model 1","All","all.features",0.642,0.275,0.673,0.625,0.569,0.493,0.673,0.649,0.726,0.689,0.632
"GILGFVFTL","CDR3","Structure","Model 1","All","pca.features",0.605,0.223,0.692,0.557,0.552,0.459,0.692,0.625,0.708,0.657,0.651
"GILGFVFTL","CDR3","Structure","Model 1","All","tuned.features",0.642,0.275,0.673,0.625,0.569,0.493,0.673,0.649,0.725,0.69,0.631
"GLCTLVAML","CDR3","Structure","Model 1","All","all.features",0.636,0.208,0.495,0.714,0.492,0.489,0.495,0.604,0.644,0.579,0.641
"GLCTLVAML","CDR3","Structure","Model 1","All","pca.features",0.617,0.21,0.591,0.631,0.524,0.47,0.591,0.611,0.669,0.622,0.648
"GLCTLVAML","CDR3","Structure","Model 1","All","tuned.features",0.648,0.235,0.516,0.72,0.511,0.505,0.516,0.618,0.646,0.581,0.641
"HPNGYKSLSTL","CDR3","Structure","Model 1","All","all.features",0.64,0.218,0.547,0.684,0.493,0.449,0.547,0.615,0.708,0.594,0.627
"HPNGYKSLSTL","CDR3","Structure","Model 1","All","pca.features",0.58,0.129,0.547,0.596,0.455,0.389,0.547,0.571,0.625,0.523,0.667
"HPNGYKSLSTL","CDR3","Structure","Model 1","All","tuned.features",0.645,0.22,0.531,0.699,0.489,0.453,0.531,0.615,0.706,0.592,0.627
"KLVALGINAV","CDR3","Structure","Model 1","All","all.features",0.672,0.339,0.69,0.661,0.624,0.569,0.69,0.676,0.752,0.704,0.614
"KLVALGINAV","CDR3","Structure","Model 1","All","pca.features",0.627,0.278,0.761,0.54,0.616,0.518,0.761,0.651,0.74,0.707,0.64
"KLVALGINAV","CDR3","Structure","Model 1","All","tuned.features",0.672,0.339,0.69,0.661,0.624,0.569,0.69,0.676,0.751,0.703,0.615
"NLVPMVATV","CDR3","Structure","Model 1","All","all.features",0.534,-0.064,0.284,0.652,0.281,0.279,0.284,0.468,0.495,0.324,0.686
"NLVPMVATV","CDR3","Structure","Model 1","All","pca.features",0.601,0.068,0.343,0.723,0.357,0.371,0.343,0.533,0.534,0.344,0.671
"NLVPMVATV","CDR3","Structure","Model 1","All","tuned.features",0.524,-0.094,0.254,0.652,0.256,0.258,0.254,0.453,0.498,0.327,0.684
"QMMVKAGL","CDR3","Structure","Model 1","All","all.features",0.664,0.147,0.348,0.793,0.375,0.407,0.348,0.57,0.603,0.387,0.657
"QMMVKAGL","CDR3","Structure","Model 1","All","pca.features",0.618,0.059,0.319,0.74,0.326,0.333,0.319,0.529,0.533,0.327,0.665
"QMMVKAGL","CDR3","Structure","Model 1","All","tuned.features",0.664,0.147,0.348,0.793,0.375,0.407,0.348,0.57,0.608,0.392,0.656
"QYIKWPWYI","CDR3","Structure","Model 1","All","all.features",0.591,0.059,0.314,0.742,0.352,0.4,0.314,0.528,0.588,0.449,0.664
"QYIKWPWYI","CDR3","Structure","Model 1","All","pca.features",0.566,0.025,0.329,0.695,0.348,0.371,0.329,0.512,0.482,0.408,0.689
"QYIKWPWYI","CDR3","Structure","Model 1","All","tuned.features",0.586,0.038,0.286,0.75,0.328,0.385,0.286,0.518,0.584,0.448,0.665
"RFPLTFGWCF","CDR3","Structure","Model 1","All","all.features",0.698,0.247,0.448,0.796,0.456,0.464,0.448,0.622,0.665,0.539,0.617
"RFPLTFGWCF","CDR3","Structure","Model 1","All","pca.features",0.62,0.196,0.603,0.626,0.473,0.389,0.603,0.615,0.667,0.561,0.645
"RFPLTFGWCF","CDR3","Structure","Model 1","All","tuned.features",0.698,0.255,0.466,0.789,0.466,0.466,0.466,0.627,0.666,0.542,0.617
"RPIIRPATL","CDR3","Structure","Model 1","All","all.features",0.634,0.153,0.417,0.735,0.42,0.423,0.417,0.576,0.595,0.412,0.684
"RPIIRPATL","CDR3","Structure","Model 1","All","pca.features",0.524,-0.029,0.375,0.594,0.333,0.3,0.375,0.484,0.513,0.402,0.692
"RPIIRPATL","CDR3","Structure","Model 1","All","tuned.features",0.63,0.146,0.417,0.729,0.417,0.417,0.417,0.573,0.595,0.412,0.683
"SPRWYFYYL","CDR3","Structure","Model 1","All","all.features",0.67,0.217,0.473,0.75,0.452,0.433,0.473,0.611,0.618,0.443,0.649
"SPRWYFYYL","CDR3","Structure","Model 1","All","pca.features",0.644,0.185,0.491,0.706,0.443,0.403,0.491,0.598,0.628,0.406,0.654
"SPRWYFYYL","CDR3","Structure","Model 1","All","tuned.features",0.67,0.209,0.455,0.757,0.442,0.431,0.455,0.606,0.618,0.451,0.647
"TTDPSFLGRY","CDR3","Structure","Model 1","All","all.features",0.671,0.301,0.711,0.657,0.529,0.422,0.711,0.684,0.734,0.41,0.674
"TTDPSFLGRY","CDR3","Structure","Model 1","All","pca.features",0.548,0.146,0.711,0.491,0.45,0.329,0.711,0.601,0.636,0.349,0.695
"TTDPSFLGRY","CDR3","Structure","Model 1","All","tuned.features",0.671,0.301,0.711,0.657,0.529,0.422,0.711,0.684,0.733,0.408,0.674
"VLFGLGFAI","CDR3","Structure","Model 1","All","all.features",0.667,0.204,0.468,0.744,0.44,0.415,0.468,0.606,0.687,0.493,0.632
"VLFGLGFAI","CDR3","Structure","Model 1","All","pca.features",0.542,0.054,0.511,0.554,0.384,0.308,0.511,0.532,0.562,0.427,0.678
"VLFGLGFAI","CDR3","Structure","Model 1","All","tuned.features",0.667,0.204,0.468,0.744,0.44,0.415,0.468,0.606,0.685,0.497,0.633
"YLQPRTFLL","CDR3","Structure","Model 1","All","all.features",0.591,0.048,0.29,0.754,0.333,0.391,0.29,0.522,0.572,0.422,0.665
"YLQPRTFLL","CDR3","Structure","Model 1","All","pca.features",0.511,-0.025,0.403,0.57,0.368,0.338,0.403,0.487,0.487,0.414,0.695
"YLQPRTFLL","CDR3","Structure","Model 1","All","tuned.features",0.597,0.057,0.29,0.763,0.336,0.4,0.29,0.527,0.569,0.421,0.666
"GILGFVFTL","CDR3","Structure","Model 2","GILGFVFTL","all.features",0.709,0.1,0.784,0.706,0.155,0.086,0.784,0.745,0.795,0.283,0.646
"GILGFVFTL","CDR3","Structure","Model 2","GILGFVFTL","pca.features",0.649,0.066,0.73,0.646,0.125,0.068,0.73,0.688,0.77,0.231,0.647
"GILGFVFTL","CDR3","Structure","Model 2","GILGFVFTL","tuned.features",0.71,0.098,0.77,0.708,0.154,0.085,0.77,0.739,0.794,0.284,0.645
"GLCTLVAML","CDR3","Structure","Model 2","GLCTLVAML","all.features",0.753,0.073,0.441,0.769,0.148,0.089,0.441,0.605,0.632,0.116,0.635
"GLCTLVAML","CDR3","Structure","Model 2","GLCTLVAML","pca.features",0.675,0.047,0.49,0.684,0.128,0.073,0.49,0.587,0.621,0.123,0.647
"GLCTLVAML","CDR3","Structure","Model 2","GLCTLVAML","tuned.features",0.756,0.078,0.451,0.771,0.152,0.091,0.451,0.611,0.633,0.115,0.635
"HPNGYKSLSTL","CDR3","Structure","Model 2","HPNGYKSLSTL","all.features",0.629,0.014,0.43,0.638,0.086,0.048,0.43,0.534,0.594,0.157,0.708
"HPNGYKSLSTL","CDR3","Structure","Model 2","HPNGYKSLSTL","pca.features",0.55,0.018,0.558,0.55,0.092,0.05,0.558,0.554,0.609,0.157,0.7
"HPNGYKSLSTL","CDR3","Structure","Model 2","HPNGYKSLSTL","tuned.features",0.634,0.015,0.43,0.643,0.087,0.049,0.43,0.537,0.598,0.16,0.707
"KLVALGINAV","CDR3","Structure","Model 2","KLVALGINAV","all.features",0.661,0.073,0.693,0.66,0.138,0.077,0.693,0.677,0.746,0.162,0.682
"KLVALGINAV","CDR3","Structure","Model 2","KLVALGINAV","pca.features",0.571,0.045,0.705,0.565,0.114,0.062,0.705,0.635,0.726,0.126,0.684
"KLVALGINAV","CDR3","Structure","Model 2","KLVALGINAV","tuned.features",0.662,0.073,0.693,0.661,0.138,0.077,0.693,0.677,0.741,0.162,0.682
"NLVPMVATV","CDR3","Structure","Model 2","NLVPMVATV","all.features",0.728,-0.007,0.224,0.742,0.043,0.024,0.224,0.483,0.52,0.029,0.646
"NLVPMVATV","CDR3","Structure","Model 2","NLVPMVATV","pca.features",0.645,0.018,0.469,0.65,0.068,0.036,0.469,0.56,0.529,0.051,0.656
"NLVPMVATV","CDR3","Structure","Model 2","NLVPMVATV","tuned.features",0.727,-0.007,0.224,0.742,0.043,0.024,0.224,0.483,0.518,0.028,0.646
"QMMVKAGL","CDR3","Structure","Model 2","QMMVKAGL","all.features",0.736,-0.002,0.239,0.753,0.057,0.033,0.239,0.496,0.47,0.033,0.642
"QMMVKAGL","CDR3","Structure","Model 2","QMMVKAGL","pca.features",0.643,0.005,0.373,0.652,0.066,0.036,0.373,0.513,0.513,0.036,0.656
"QMMVKAGL","CDR3","Structure","Model 2","QMMVKAGL","tuned.features",0.735,-0.006,0.224,0.753,0.054,0.031,0.224,0.489,0.477,0.034,0.642
"QYIKWPWYI","CDR3","Structure","Model 2","QYIKWPWYI","all.features",0.702,-0.016,0.218,0.723,0.056,0.032,0.218,0.47,0.45,0.036,0.66
"QYIKWPWYI","CDR3","Structure","Model 2","QYIKWPWYI","pca.features",0.622,-0.014,0.295,0.636,0.059,0.033,0.295,0.465,0.47,0.037,0.664
"QYIKWPWYI","CDR3","Structure","Model 2","QYIKWPWYI","tuned.features",0.709,-0.011,0.231,0.729,0.06,0.034,0.231,0.48,0.452,0.036,0.661
"RFPLTFGWCF","CDR3","Structure","Model 2","RFPLTFGWCF","all.features",0.795,0.054,0.413,0.806,0.101,0.057,0.413,0.609,0.67,0.203,0.614
"RFPLTFGWCF","CDR3","Structure","Model 2","RFPLTFGWCF","pca.features",0.691,0.047,0.587,0.694,0.095,0.052,0.587,0.64,0.698,0.204,0.637
"RFPLTFGWCF","CDR3","Structure","Model 2","RFPLTFGWCF","tuned.features",0.798,0.056,0.413,0.809,0.102,0.058,0.413,0.611,0.672,0.2,0.615
"RPIIRPATL","CDR3","Structure","Model 2","RPIIRPATL","all.features",0.699,-0.003,0.272,0.719,0.074,0.043,0.272,0.495,0.513,0.057,0.666
"RPIIRPATL","CDR3","Structure","Model 2","RPIIRPATL","pca.features",0.605,-0.01,0.337,0.618,0.07,0.039,0.337,0.477,0.495,0.058,0.672
"RPIIRPATL","CDR3","Structure","Model 2","RPIIRPATL","tuned.features",0.697,-0.003,0.272,0.717,0.074,0.043,0.272,0.494,0.505,0.056,0.667
"SPRWYFYYL","CDR3","Structure","Model 2","SPRWYFYYL","all.features",0.69,0.018,0.4,0.699,0.07,0.038,0.4,0.549,0.585,0.044,0.669
"SPRWYFYYL","CDR3","Structure","Model 2","SPRWYFYYL","pca.features",0.608,0.019,0.52,0.611,0.072,0.039,0.52,0.565,0.572,0.039,0.672
"SPRWYFYYL","CDR3","Structure","Model 2","SPRWYFYYL","tuned.features",0.695,0.019,0.4,0.704,0.071,0.039,0.4,0.552,0.586,0.044,0.668
"TTDPSFLGRY","CDR3","Structure","Model 2","TTDPSFLGRY","all.features",0.644,0.034,0.633,0.644,0.075,0.04,0.633,0.639,0.694,0.099,0.695
"TTDPSFLGRY","CDR3","Structure","Model 2","TTDPSFLGRY","pca.features",0.561,0.025,0.7,0.558,0.068,0.036,0.7,0.629,0.678,0.148,0.694
"TTDPSFLGRY","CDR3","Structure","Model 2","TTDPSFLGRY","tuned.features",0.636,0.032,0.633,0.636,0.074,0.039,0.633,0.635,0.69,0.098,0.695
"VLFGLGFAI","CDR3","Structure","Model 2","VLFGLGFAI","all.features",0.702,0.034,0.463,0.709,0.088,0.049,0.463,0.586,0.612,0.192,0.647
"VLFGLGFAI","CDR3","Structure","Model 2","VLFGLGFAI","pca.features",0.612,0.023,0.537,0.614,0.079,0.043,0.537,0.576,0.646,0.141,0.659
"VLFGLGFAI","CDR3","Structure","Model 2","VLFGLGFAI","tuned.features",0.706,0.035,0.463,0.714,0.089,0.049,0.463,0.588,0.608,0.196,0.647
"YLQPRTFLL","CDR3","Structure","Model 2","YLQPRTFLL","all.features",0.733,0.008,0.278,0.75,0.072,0.042,0.278,0.514,0.525,0.047,0.647
"YLQPRTFLL","CDR3","Structure","Model 2","YLQPRTFLL","pca.features",0.634,0.006,0.389,0.644,0.074,0.041,0.389,0.516,0.55,0.052,0.66
"YLQPRTFLL","CDR3","Structure","Model 2","YLQPRTFLL","tuned.features",0.737,0.005,0.264,0.755,0.07,0.04,0.264,0.51,0.523,0.047,0.649
"GILGFVFTL","CDR3","Sequence","Model 1","All","both",0.699,0.388,0.74,0.677,0.634,0.554,0.74,0.709,0.818,0.803,0.587
"GILGFVFTL","CDR3","Sequence","Model 1","All","cdr3",0.497,0.08,0.721,0.375,0.502,0.385,0.721,0.548,0.629,0.579,0.687
"GILGFVFTL","CDR3","Sequence","Model 1","All","full",0.716,0.411,0.721,0.714,0.641,0.577,0.721,0.717,0.819,0.797,0.582
"GLCTLVAML","CDR3","Sequence","Model 1","All","both",0.628,0.207,0.527,0.685,0.503,0.48,0.527,0.606,0.621,0.595,0.648
"GLCTLVAML","CDR3","Sequence","Model 1","All","cdr3",0.467,-0.105,0.366,0.524,0.329,0.298,0.366,0.445,0.436,0.341,0.705
"GLCTLVAML","CDR3","Sequence","Model 1","All","full",0.613,0.178,0.516,0.667,0.487,0.462,0.516,0.591,0.632,0.604,0.644
"HPNGYKSLSTL","CDR3","Sequence","Model 1","All","both",0.57,0.044,0.391,0.654,0.368,0.347,0.391,0.523,0.655,0.568,0.633
"HPNGYKSLSTL","CDR3","Sequence","Model 1","All","cdr3",0.55,0.131,0.656,0.5,0.483,0.382,0.656,0.578,0.673,0.554,0.663
"HPNGYKSLSTL","CDR3","Sequence","Model 1","All","full",0.565,0.036,0.391,0.647,0.365,0.342,0.391,0.519,0.647,0.562,0.635
"KLVALGINAV","CDR3","Sequence","Model 1","All","both",0.7,0.386,0.681,0.713,0.642,0.606,0.681,0.697,0.767,0.759,0.594
"KLVALGINAV","CDR3","Sequence","Model 1","All","cdr3",0.446,-0.075,0.522,0.397,0.426,0.36,0.522,0.459,0.455,0.403,0.719
"KLVALGINAV","CDR3","Sequence","Model 1","All","full",0.704,0.392,0.681,0.718,0.644,0.611,0.681,0.7,0.789,0.771,0.585
"NLVPMVATV","CDR3","Sequence","Model 1","All","both",0.558,-0.037,0.269,0.695,0.281,0.295,0.269,0.482,0.525,0.336,0.689
"NLVPMVATV","CDR3","Sequence","Model 1","All","cdr3",0.457,-0.051,0.507,0.433,0.376,0.298,0.507,0.47,0.45,0.282,0.716
"NLVPMVATV","CDR3","Sequence","Model 1","All","full",0.582,0.007,0.284,0.723,0.304,0.328,0.284,0.503,0.533,0.344,0.686
"QMMVKAGL","CDR3","Sequence","Model 1","All","both",0.605,-0.021,0.217,0.763,0.242,0.273,0.217,0.49,0.534,0.368,0.669
"QMMVKAGL","CDR3","Sequence","Model 1","All","cdr3",0.597,0.145,0.551,0.615,0.442,0.369,0.551,0.583,0.633,0.438,0.661
"QMMVKAGL","CDR3","Sequence","Model 1","All","full",0.601,-0.046,0.188,0.769,0.215,0.25,0.188,0.479,0.513,0.355,0.676
"QYIKWPWYI","CDR3","Sequence","Model 1","All","both",0.576,-0.028,0.186,0.789,0.236,0.325,0.186,0.487,0.495,0.39,0.685
"QYIKWPWYI","CDR3","Sequence","Model 1","All","cdr3",0.505,-0.011,0.457,0.531,0.395,0.348,0.457,0.494,0.54,0.377,0.686
"QYIKWPWYI","CDR3","Sequence","Model 1","All","full",0.561,-0.061,0.171,0.773,0.216,0.293,0.171,0.472,0.49,0.389,0.687
"RFPLTFGWCF","CDR3","Sequence","Model 1","All","both",0.712,0.287,0.483,0.803,0.487,0.491,0.483,0.643,0.678,0.561,0.612
"RFPLTFGWCF","CDR3","Sequence","Model 1","All","cdr3",0.527,0.056,0.552,0.517,0.398,0.311,0.552,0.534,0.561,0.442,0.685
"RFPLTFGWCF","CDR3","Sequence","Model 1","All","full",0.727,0.312,0.483,0.823,0.5,0.519,0.483,0.653,0.681,0.558,0.608
"RPIIRPATL","CDR3","Sequence","Model 1","All","both",0.648,0.168,0.403,0.761,0.42,0.439,0.403,0.582,0.641,0.457,0.656
"RPIIRPATL","CDR3","Sequence","Model 1","All","cdr3",0.643,0.241,0.597,0.665,0.515,0.453,0.597,0.631,0.619,0.447,0.668
"RPIIRPATL","CDR3","Sequence","Model 1","All","full",0.652,0.187,0.431,0.755,0.44,0.449,0.431,0.593,0.639,0.448,0.659
"SPRWYFYYL","CDR3","Sequence","Model 1","All","both",0.67,0.145,0.327,0.809,0.364,0.409,0.327,0.568,0.622,0.414,0.647
"SPRWYFYYL","CDR3","Sequence","Model 1","All","cdr3",0.529,-0.007,0.418,0.574,0.338,0.284,0.418,0.496,0.517,0.301,0.685
"SPRWYFYYL","CDR3","Sequence","Model 1","All","full",0.686,0.171,0.327,0.831,0.375,0.439,0.327,0.579,0.63,0.422,0.647
"TTDPSFLGRY","CDR3","Sequence","Model 1","All","both",0.699,0.35,0.737,0.685,0.56,0.452,0.737,0.711,0.757,0.422,0.65
"TTDPSFLGRY","CDR3","Sequence","Model 1","All","cdr3",0.568,-0.041,0.289,0.667,0.259,0.234,0.289,0.478,0.467,0.235,0.683
"TTDPSFLGRY","CDR3","Sequence","Model 1","All","full",0.685,0.33,0.737,0.667,0.549,0.438,0.737,0.702,0.767,0.429,0.653
"VLFGLGFAI","CDR3","Sequence","Model 1","All","both",0.619,0.123,0.447,0.686,0.396,0.356,0.447,0.566,0.634,0.553,0.634
"VLFGLGFAI","CDR3","Sequence","Model 1","All","cdr3",0.744,0.407,0.66,0.777,0.59,0.534,0.66,0.718,0.797,0.651,0.622
"VLFGLGFAI","CDR3","Sequence","Model 1","All","full",0.589,0.082,0.447,0.645,0.378,0.328,0.447,0.546,0.614,0.541,0.645
"YLQPRTFLL","CDR3","Sequence","Model 1","All","both",0.562,-0.031,0.226,0.746,0.267,0.326,0.226,0.486,0.519,0.436,0.674
"YLQPRTFLL","CDR3","Sequence","Model 1","All","cdr3",0.557,0.089,0.516,0.579,0.451,0.4,0.516,0.548,0.554,0.517,0.69
"YLQPRTFLL","CDR3","Sequence","Model 1","All","full",0.574,-0.012,0.226,0.763,0.272,0.341,0.226,0.494,0.516,0.427,0.673
"GILGFVFTL","CDR3","Sequence","Model 2","GILGFVFTL","both",0.73,0.124,0.851,0.726,0.178,0.099,0.851,0.789,0.892,0.39,0.635
"GILGFVFTL","CDR3","Sequence","Model 2","GILGFVFTL","cdr3",0.499,0.028,0.73,0.49,0.091,0.048,0.73,0.61,0.677,0.191,0.696
"GILGFVFTL","CDR3","Sequence","Model 2","GILGFVFTL","full",0.737,0.125,0.838,0.733,0.179,0.1,0.838,0.786,0.886,0.354,0.634
"GLCTLVAML","CDR3","Sequence","Model 2","GLCTLVAML","both",0.78,0.075,0.392,0.8,0.148,0.091,0.392,0.596,0.634,0.132,0.606
"GLCTLVAML","CDR3","Sequence","Model 2","GLCTLVAML","cdr3",0.647,0.016,0.402,0.66,0.1,0.057,0.402,0.531,0.545,0.057,0.647
"GLCTLVAML","CDR3","Sequence","Model 2","GLCTLVAML","full",0.777,0.073,0.392,0.797,0.146,0.09,0.392,0.594,0.643,0.132,0.616
"HPNGYKSLSTL","CDR3","Sequence","Model 2","HPNGYKSLSTL","both",0.684,0.038,0.465,0.694,0.107,0.061,0.465,0.579,0.672,0.207,0.673
"HPNGYKSLSTL","CDR3","Sequence","Model 2","HPNGYKSLSTL","cdr3",0.541,0.029,0.64,0.536,0.102,0.055,0.64,0.588,0.652,0.174,0.682
"HPNGYKSLSTL","CDR3","Sequence","Model 2","HPNGYKSLSTL","full",0.674,0.032,0.453,0.683,0.102,0.057,0.453,0.568,0.67,0.192,0.683
"KLVALGINAV","CDR3","Sequence","Model 2","KLVALGINAV","both",0.748,0.112,0.67,0.751,0.172,0.099,0.67,0.711,0.762,0.218,0.634
"KLVALGINAV","CDR3","Sequence","Model 2","KLVALGINAV","cdr3",0.565,0.015,0.523,0.566,0.086,0.047,0.523,0.544,0.584,0.074,0.658
"KLVALGINAV","CDR3","Sequence","Model 2","KLVALGINAV","full",0.746,0.11,0.67,0.749,0.171,0.098,0.67,0.71,0.765,0.197,0.648
"NLVPMVATV","CDR3","Sequence","Model 2","NLVPMVATV","both",0.742,0,0.245,0.756,0.05,0.028,0.245,0.501,0.565,0.033,0.639
"NLVPMVATV","CDR3","Sequence","Model 2","NLVPMVATV","cdr3",0.57,0.02,0.592,0.569,0.07,0.037,0.592,0.581,0.564,0.032,0.672
"NLVPMVATV","CDR3","Sequence","Model 2","NLVPMVATV","full",0.746,0.001,0.245,0.76,0.05,0.028,0.245,0.502,0.562,0.032,0.647
"QMMVKAGL","CDR3","Sequence","Model 2","QMMVKAGL","both",0.756,0,0.224,0.775,0.058,0.033,0.224,0.499,0.497,0.036,0.623
"QMMVKAGL","CDR3","Sequence","Model 2","QMMVKAGL","cdr3",0.587,0.008,0.463,0.591,0.07,0.038,0.463,0.527,0.544,0.039,0.661
"QMMVKAGL","CDR3","Sequence","Model 2","QMMVKAGL","full",0.758,0,0.224,0.776,0.059,0.034,0.224,0.5,0.471,0.034,0.632
"QYIKWPWYI","CDR3","Sequence","Model 2","QYIKWPWYI","both",0.7,-0.039,0.128,0.724,0.033,0.019,0.128,0.426,0.472,0.05,0.652
"QYIKWPWYI","CDR3","Sequence","Model 2","QYIKWPWYI","cdr3",0.565,0.005,0.462,0.569,0.079,0.043,0.462,0.515,0.523,0.041,0.672
"QYIKWPWYI","CDR3","Sequence","Model 2","QYIKWPWYI","full",0.698,-0.043,0.115,0.723,0.03,0.017,0.115,0.419,0.468,0.05,0.662
"RFPLTFGWCF","CDR3","Sequence","Model 2","RFPLTFGWCF","both",0.799,0.057,0.413,0.81,0.102,0.058,0.413,0.612,0.635,0.28,0.6
"RFPLTFGWCF","CDR3","Sequence","Model 2","RFPLTFGWCF","cdr3",0.489,0.012,0.63,0.485,0.064,0.034,0.63,0.558,0.57,0.24,0.698
"RFPLTFGWCF","CDR3","Sequence","Model 2","RFPLTFGWCF","full",0.805,0.054,0.391,0.816,0.1,0.057,0.391,0.604,0.65,0.256,0.594
"RPIIRPATL","CDR3","Sequence","Model 2","RPIIRPATL","both",0.733,0.033,0.359,0.75,0.106,0.062,0.359,0.554,0.588,0.071,0.641
"RPIIRPATL","CDR3","Sequence","Model 2","RPIIRPATL","cdr3",0.61,0.022,0.489,0.616,0.1,0.056,0.489,0.553,0.57,0.083,0.658
"RPIIRPATL","CDR3","Sequence","Model 2","RPIIRPATL","full",0.723,0.035,0.38,0.739,0.109,0.063,0.38,0.56,0.581,0.068,0.654
"SPRWYFYYL","CDR3","Sequence","Model 2","SPRWYFYYL","both",0.741,0.012,0.3,0.754,0.063,0.035,0.3,0.527,0.547,0.042,0.636
"SPRWYFYYL","CDR3","Sequence","Model 2","SPRWYFYYL","cdr3",0.607,-0.007,0.34,0.615,0.048,0.026,0.34,0.477,0.463,0.029,0.662
"SPRWYFYYL","CDR3","Sequence","Model 2","SPRWYFYYL","full",0.73,0.009,0.3,0.743,0.061,0.034,0.3,0.522,0.569,0.042,0.647
"TTDPSFLGRY","CDR3","Sequence","Model 2","TTDPSFLGRY","both",0.68,0.046,0.667,0.68,0.087,0.046,0.667,0.673,0.778,0.088,0.662
"TTDPSFLGRY","CDR3","Sequence","Model 2","TTDPSFLGRY","cdr3",0.613,0.002,0.4,0.618,0.045,0.024,0.4,0.509,0.556,0.026,0.665
"TTDPSFLGRY","CDR3","Sequence","Model 2","TTDPSFLGRY","full",0.677,0.053,0.733,0.675,0.094,0.05,0.733,0.704,0.785,0.088,0.677
"VLFGLGFAI","CDR3","Sequence","Model 2","VLFGLGFAI","both",0.695,0.042,0.519,0.701,0.096,0.053,0.519,0.61,0.644,0.316,0.641
"VLFGLGFAI","CDR3","Sequence","Model 2","VLFGLGFAI","cdr3",0.595,0.03,0.611,0.595,0.086,0.046,0.611,0.603,0.671,0.324,0.66
"VLFGLGFAI","CDR3","Sequence","Model 2","VLFGLGFAI","full",0.682,0.034,0.5,0.687,0.089,0.049,0.5,0.594,0.627,0.245,0.653
"YLQPRTFLL","CDR3","Sequence","Model 2","YLQPRTFLL","both",0.771,0.017,0.264,0.791,0.08,0.047,0.264,0.527,0.511,0.054,0.613
"YLQPRTFLL","CDR3","Sequence","Model 2","YLQPRTFLL","cdr3",0.603,0.007,0.431,0.609,0.075,0.041,0.431,0.52,0.513,0.084,0.661
"YLQPRTFLL","CDR3","Sequence","Model 2","YLQPRTFLL","full",0.761,0.009,0.25,0.781,0.073,0.043,0.25,0.516,0.515,0.05,0.62
