"ref.epitope",".metric","all.features","pca.features","tuned.features"
"GILGFVFTL","accuracy",0.642,0.605,0.642
"GLCTLVAML","accuracy",0.636,0.617,0.648
"HPNGYKSLSTL","accuracy",0.64,0.58,0.645
"KLVALGINAV","accuracy",0.672,0.627,0.672
"NLVPMVATV","accuracy",0.534,0.601,0.524
"QMMVKAGL","accuracy",0.664,0.618,0.664
"QYIKWPWYI","accuracy",0.591,0.566,0.586
"RFPLTFGWCF","accuracy",0.698,0.62,0.698
"RPIIRPATL","accuracy",0.634,0.524,0.63
"SPRWYFYYL","accuracy",0.67,0.644,0.67
"TTDPSFLGRY","accuracy",0.671,0.548,0.671
"VLFGLGFAI","accuracy",0.667,0.542,0.667
"YLQPRTFLL","accuracy",0.591,0.511,0.597
"GILGFVFTL","kap",0.275,0.223,0.275
"GLCTLVAML","kap",0.208,0.21,0.235
"HPNGYKSLSTL","kap",0.218,0.129,0.22
"KLVALGINAV","kap",0.339,0.278,0.339
"NLVPMVATV","kap",-0.064,0.068,-0.094
"QMMVKAGL","kap",0.147,0.059,0.147
"QYIKWPWYI","kap",0.059,0.025,0.038
"RFPLTFGWCF","kap",0.247,0.196,0.255
"RPIIRPATL","kap",0.153,-0.029,0.146
"SPRWYFYYL","kap",0.217,0.185,0.209
"TTDPSFLGRY","kap",0.301,0.146,0.301
"VLFGLGFAI","kap",0.204,0.054,0.204
"YLQPRTFLL","kap",0.048,-0.025,0.057
"GILGFVFTL","sens",0.673,0.692,0.673
"GLCTLVAML","sens",0.495,0.591,0.516
"HPNGYKSLSTL","sens",0.547,0.547,0.531
"KLVALGINAV","sens",0.69,0.761,0.69
"NLVPMVATV","sens",0.284,0.343,0.254
"QMMVKAGL","sens",0.348,0.319,0.348
"QYIKWPWYI","sens",0.314,0.329,0.286
"RFPLTFGWCF","sens",0.448,0.603,0.466
"RPIIRPATL","sens",0.417,0.375,0.417
"SPRWYFYYL","sens",0.473,0.491,0.455
"TTDPSFLGRY","sens",0.711,0.711,0.711
"VLFGLGFAI","sens",0.468,0.511,0.468
"YLQPRTFLL","sens",0.29,0.403,0.29
"GILGFVFTL","spec",0.625,0.557,0.625
"GLCTLVAML","spec",0.714,0.631,0.72
"HPNGYKSLSTL","spec",0.684,0.596,0.699
"KLVALGINAV","spec",0.661,0.54,0.661
"NLVPMVATV","spec",0.652,0.723,0.652
"QMMVKAGL","spec",0.793,0.74,0.793
"QYIKWPWYI","spec",0.742,0.695,0.75
"RFPLTFGWCF","spec",0.796,0.626,0.789
"RPIIRPATL","spec",0.735,0.594,0.729
"SPRWYFYYL","spec",0.75,0.706,0.757
"TTDPSFLGRY","spec",0.657,0.491,0.657
"VLFGLGFAI","spec",0.744,0.554,0.744
"YLQPRTFLL","spec",0.754,0.57,0.763
"GILGFVFTL","f_meas",0.569,0.552,0.569
"GLCTLVAML","f_meas",0.492,0.524,0.511
"HPNGYKSLSTL","f_meas",0.493,0.455,0.489
"KLVALGINAV","f_meas",0.624,0.616,0.624
"NLVPMVATV","f_meas",0.281,0.357,0.256
"QMMVKAGL","f_meas",0.375,0.326,0.375
"QYIKWPWYI","f_meas",0.352,0.348,0.328
"RFPLTFGWCF","f_meas",0.456,0.473,0.466
"RPIIRPATL","f_meas",0.42,0.333,0.417
"SPRWYFYYL","f_meas",0.452,0.443,0.442
"TTDPSFLGRY","f_meas",0.529,0.45,0.529
"VLFGLGFAI","f_meas",0.44,0.384,0.44
"YLQPRTFLL","f_meas",0.333,0.368,0.336
"GILGFVFTL","precision",0.493,0.459,0.493
"GLCTLVAML","precision",0.489,0.47,0.505
"HPNGYKSLSTL","precision",0.449,0.389,0.453
"KLVALGINAV","precision",0.569,0.518,0.569
"NLVPMVATV","precision",0.279,0.371,0.258
"QMMVKAGL","precision",0.407,0.333,0.407
"QYIKWPWYI","precision",0.4,0.371,0.385
"RFPLTFGWCF","precision",0.464,0.389,0.466
"RPIIRPATL","precision",0.423,0.3,0.417
"SPRWYFYYL","precision",0.433,0.403,0.431
"TTDPSFLGRY","precision",0.422,0.329,0.422
"VLFGLGFAI","precision",0.415,0.308,0.415
"YLQPRTFLL","precision",0.391,0.338,0.4
"GILGFVFTL","recall",0.673,0.692,0.673
"GLCTLVAML","recall",0.495,0.591,0.516
"HPNGYKSLSTL","recall",0.547,0.547,0.531
"KLVALGINAV","recall",0.69,0.761,0.69
"NLVPMVATV","recall",0.284,0.343,0.254
"QMMVKAGL","recall",0.348,0.319,0.348
"QYIKWPWYI","recall",0.314,0.329,0.286
"RFPLTFGWCF","recall",0.448,0.603,0.466
"RPIIRPATL","recall",0.417,0.375,0.417
"SPRWYFYYL","recall",0.473,0.491,0.455
"TTDPSFLGRY","recall",0.711,0.711,0.711
"VLFGLGFAI","recall",0.468,0.511,0.468
"YLQPRTFLL","recall",0.29,0.403,0.29
"GILGFVFTL","bal_accuracy",0.649,0.625,0.649
"GLCTLVAML","bal_accuracy",0.604,0.611,0.618
"HPNGYKSLSTL","bal_accuracy",0.615,0.571,0.615
"KLVALGINAV","bal_accuracy",0.676,0.651,0.676
"NLVPMVATV","bal_accuracy",0.468,0.533,0.453
"QMMVKAGL","bal_accuracy",0.57,0.529,0.57
"QYIKWPWYI","bal_accuracy",0.528,0.512,0.518
"RFPLTFGWCF","bal_accuracy",0.622,0.615,0.627
"RPIIRPATL","bal_accuracy",0.576,0.484,0.573
"SPRWYFYYL","bal_accuracy",0.611,0.598,0.606
"TTDPSFLGRY","bal_accuracy",0.684,0.601,0.684
"VLFGLGFAI","bal_accuracy",0.606,0.532,0.606
"YLQPRTFLL","bal_accuracy",0.522,0.487,0.527
"GILGFVFTL","roc_auc",0.726,0.708,0.725
"GLCTLVAML","roc_auc",0.644,0.669,0.646
"HPNGYKSLSTL","roc_auc",0.708,0.625,0.706
"KLVALGINAV","roc_auc",0.752,0.74,0.751
"NLVPMVATV","roc_auc",0.495,0.534,0.498
"QMMVKAGL","roc_auc",0.603,0.533,0.608
"QYIKWPWYI","roc_auc",0.588,0.482,0.584
"RFPLTFGWCF","roc_auc",0.665,0.667,0.666
"RPIIRPATL","roc_auc",0.595,0.513,0.595
"SPRWYFYYL","roc_auc",0.618,0.628,0.618
"TTDPSFLGRY","roc_auc",0.734,0.636,0.733
"VLFGLGFAI","roc_auc",0.687,0.562,0.685
"YLQPRTFLL","roc_auc",0.572,0.487,0.569
"GILGFVFTL","pr_auc",0.689,0.657,0.69
"GLCTLVAML","pr_auc",0.579,0.622,0.581
"HPNGYKSLSTL","pr_auc",0.594,0.523,0.592
"KLVALGINAV","pr_auc",0.704,0.707,0.703
"NLVPMVATV","pr_auc",0.324,0.344,0.327
"QMMVKAGL","pr_auc",0.387,0.327,0.392
"QYIKWPWYI","pr_auc",0.449,0.408,0.448
"RFPLTFGWCF","pr_auc",0.539,0.561,0.542
"RPIIRPATL","pr_auc",0.412,0.402,0.412
"SPRWYFYYL","pr_auc",0.443,0.406,0.451
"TTDPSFLGRY","pr_auc",0.41,0.349,0.408
"VLFGLGFAI","pr_auc",0.493,0.427,0.497
"YLQPRTFLL","pr_auc",0.422,0.414,0.421
"GILGFVFTL","mn_log_loss",0.632,0.651,0.631
"GLCTLVAML","mn_log_loss",0.641,0.648,0.641
"HPNGYKSLSTL","mn_log_loss",0.627,0.667,0.627
"KLVALGINAV","mn_log_loss",0.614,0.64,0.615
"NLVPMVATV","mn_log_loss",0.686,0.671,0.684
"QMMVKAGL","mn_log_loss",0.657,0.665,0.656
"QYIKWPWYI","mn_log_loss",0.664,0.689,0.665
"RFPLTFGWCF","mn_log_loss",0.617,0.645,0.617
"RPIIRPATL","mn_log_loss",0.684,0.692,0.683
"SPRWYFYYL","mn_log_loss",0.649,0.654,0.647
"TTDPSFLGRY","mn_log_loss",0.674,0.695,0.674
"VLFGLGFAI","mn_log_loss",0.632,0.678,0.633
"YLQPRTFLL","mn_log_loss",0.665,0.695,0.666
