"clone.id","AV","CDR3a","AJ","BV","CDR3b","BJ"
"iedb_GILGFVFTL_533","TRAV8-6*02","CGDEKLTFF","TRAJ48*01","TRBV19*02","CASGRAGGPGNEQSF","TRBJ2-1*01"
"iedb_GILGFVFTL_57","TRAV27*01","CAGAGSNTGKLIF","TRAJ37*02","TRBV19*01","CASSIRSAYEQYF","TRBJ2-7*01"
"iedb_GILGFVFTL_285","TRAV41*01","CAVRANFGNEKLTF","TRAJ48*01","TRBV6-3*01","CASSYPLLYSGANTGELFF","TRBJ2-2*01"
"iedb_GILGFVFTL_278","TRAV12-2*01","CAVNPSNTGKLIF","TRAJ37*01","TRBV19*02","CASSSRSSYEQYF","TRBJ2-7*01"
"iedb_GILGFVFTL_304","TRAV1-1*01","CAVVASNTGKLIF","TRAJ37*01","TRBV4-1*01","CASSPRDGQETQYF","TRBJ2-5*01"
"iedb_GILGFVFTL_193","TRAV13-1*01","CAAENNNDMRF","TRAJ43*01","TRBV7-6*01","CASSLGTSYEQYF","TRBJ2-7*01"
"iedb_GILGFVFTL_290","TRAV41*01","CAVRKFGNEKLTF","TRAJ48*01","TRBV19*02","CASSIGLYGYTF","TRBJ1-2*01"
"vdj_GILGFVFTL_3128","TRAV19*01","CALIPTSGTYKYIF","TRAJ40*01","TRBV19*01","CASSIGAFGYTF","TRBJ1-2*01"
"iedb_GILGFVFTL_540","TRAV8-1*01","CLKENTGFQKLVFF","TRAJ8*01","TRBV19*01","CASSGTGAGEQYF","TRBJ2-7*01"
"vdj_GILGFVFTL_1819","TRAV8-2*01","CVVNGAAGNKLTF","TRAJ17*01","TRBV27*01","CASSFGQGLGAFF","TRBJ1-1*01"
"chan_GILGFVFTL_2","TRAV24*01","CASHSGNTGKLIF","TRAJ37*01","TRBV19*02","CASSIFAGDTQYF","TRBJ2-3*01"
"vdj_GILGFVFTL_1585","TRAV9-2*01","CALSETSYDKVIF","TRAJ50*01","TRBV19*01","CASSLGTVYEQYF","TRBJ2-7*01"
"vdj_GILGFVFTL_654","TRAV12-1*01","CVVNIGGGSQGNLIF","TRAJ42*01","TRBV19*01","CASSIRSSYEQYF","TRBJ2-7*01"
"vdj_GILGFVFTL_627","TRAV13-1*01","CAASGSQGNLIF","TRAJ42*01","TRBV19*01","CASSIRSSETQYF","TRBJ2-5*01"
"iedb_GILGFVFTL_220","TRAV5*01","CAESIGRGSQGNLIF","TRAJ42*01","TRBV19*02","CASSIRSGVEQYF","TRBJ2-7*01"
"vdj_GILGFVFTL_1552","TRAV27*01","CAGSTGGSQGNLIF","TRAJ42*01","TRBV19*01","CASSVRSTGELFF","TRBJ2-2*01"
"iedb_GILGFVFTL_81","TRAV27*01","CAGAPSSSNTGKLIF","TRAJ37*01","TRBV19*01","CASSIRSAYEQYF","TRBJ2-7*01"
"iedb_GILGFVFTL_216","TRAV13-2*01","CAENMGGGSQGNLIF","TRAJ42*01","TRBV19*01","CASSDRAGNEQFF","TRBJ2-1*01"
"iedb_GILGFVFTL_82","TRAV27*01","CAGARAGGTSYGKLTF","TRAJ52*01","TRBV20-1*01","CSARVRGDVYGYTF","TRBJ1-2*01"
"iedb_GILGFVFTL_482","TRAV17*01","CATDDHAGGTSYGKLTF","TRAJ52*01","TRBV19*01","CAGSVTGALGTEAFF","TRBJ1-1*01"
"iedb_GILGFVFTL_572","TRAV35*01","CAGSYGGSQGNLIF","TRAJ42*01","TRBV19*01","CASSVRSSGEQFF","TRBJ2-1*01"
"iedb_GILGFVFTL_524","TRAV24*01","CAQTRNNNARLMF","TRAJ31*01","TRBV19*01","CASSIYGGNEQFF","TRBJ2-1*01"
"iedb_GILGFVFTL_288","TRAV3*01","CAVRDIGEYGNKLVF","TRAJ47*01","TRBV19*01","CASGGLVHEQFF","TRBJ2-1*01"
"iedb_GILGFVFTL_209","TRAV13-2*01","CAEEHDRMYSGGGADGLTF","TRAJ45*01","TRBV19*02","CASSVRSSYEQYF","TRBJ2-7*01"
"iedb_GILGFVFTL_131","TRAV17*01","CATDAIPSDMRF","TRAJ43*01","TRBV19*02","CASSFRSTDTQYF","TRBJ2-3*01"
"iedb_GILGFVFTL_161","TRAV35*01","CAGNYGGSQGNLIF","TRAJ42*01","TRBV19*01","CASSIRGSGEQYF","TRBJ2-7*01"
"iedb_GILGFVFTL_270","TRAV8-1*01","CAVIGEGGKLTF","TRAJ52*01","TRBV28*01","CASSLLVSGVSSTDTQYF","TRBJ2-3*01"
"iedb_GILGFVFTL_205","TRAV29/DV5*01","CAASGGTGNQFYF","TRAJ49*01","TRBV19*01","CASRLAGSHEQYF","TRBJ2-7*01"
"iedb_GILGFVFTL_182","TRAV27*01","CAGVYGGSQGNLIF","TRAJ42*01","TRBV19*01","CASSIRSAHEQYF","TRBJ2-7*01"
"iedb_GILGFVFTL_240","TRAV35*01","CAGAGDGGSQGNLIF","TRAJ42*01","TRBV19*01","CASSMRAGYEQYF","TRBJ2-7*01"
"iedb_GLCTLVAML_89","TRAV29/DV5*01","CASGGSQGNLIF","TRAJ42*01","TRBV27*01","CASSFGTFETQYF","TRBJ2-5*01"
"iedb_GLCTLVAML_105","TRAV21*01","CAVYSNSGYALNF","TRAJ41*01","TRBV29-1*01","CSVGTGGTNEKLFF","TRBJ1-4*01"
"iedb_GLCTLVAML_110","TRAV10*01","CVVFKAAGNKLTF","TRAJ17*01","TRBV10-2*01","CASGGSSYQETQYF","TRBJ2-5*01"
"iedb_GLCTLVAML_85","TRAV16*01","CALRCFGNEKLTF","TRAJ48*01","TRBV29-1*01","CSVPITVQETQYF","TRBJ2-5*01"
"iedb_GLCTLVAML_82","TRAV19*01","CALNPTGGGNKLTF","TRAJ10*01","TRBV3-1*01","CASSPVSGSSYEQYF","TRBJ2-7*01"
"iedb_GLCTLVAML_31","TRAV5*01","CAEDDNARLMF","TRAJ31*01","TRBV20-1*01","CSARDRVGNGHTF","TRBJ1-2*01"
"vdj_GLCTLVAML_376","TRAV1-2*01","CAVDILTGGGNKLTF","TRAJ10*01","TRBV27*01","CASGPYEGNQPQHF","TRBJ1-5*01"
"iedb_GLCTLVAML_96","TRAV29/DV5*01","CAVLRGGADGLTF","TRAJ45*01","TRBV27*01","CASSSGAGLDEQFF","TRBJ2-1*01"
"iedb_GLCTLVAML_26","TRAV13-1*01","CAASRDYKLSF","TRAJ20*01","TRBV29-1*01","CSVGAIMDEQFF","TRBJ2-1*01"
"iedb_GLCTLVAML_128","TRAV5*01","CADGSGTTDSWGKLQF","TRAJ24*01","TRBV4-1*01","CASSQNQDMGTEAFF","TRBJ1-1*01"
"iedb_GLCTLVAML_98","TRAV12-2*01","CCAVNIDTMDSNYQLIWF","TRAJ33*01","TRBV9*01","CASSVGGEAYEQYF","TRBJ2-7*01"
"iedb_GLCTLVAML_29","TRAV5*01","CAEDAGNMLTF","TRAJ39*01","TRBV29-1*01","CSVTGDRRSNQPQHF","TRBJ1-5*01"
"iedb_GLCTLVAML_79","TRAV5*01","CAEYSSASKIIF","TRAJ3*01","TRBV14*01","CASSQSPGGTQYF","TRBJ2-3*01"
"iedb_GLCTLVAML_53","TRAV5*01","CAEDNYGQNFVF","TRAJ26*01","TRBV29-1*01","CSGREDSTNEKLFF","TRBJ1-4*01"
"iedb_GLCTLVAML_112","TRAV10*01","CVVSDEYGNKLVF","TRAJ47*01","TRBV6-4*02","CASSVWTGHDEQFF","TRBJ2-1*01"
"iedb_GLCTLVAML_87","TRAV14/DV4*01","CCAMREVMDSNYQLIWF","TRAJ33*01","TRBV9*01","CASSVAQLAGGTDTQYF","TRBJ2-3*01"
"iedb_GLCTLVAML_71","TRAV5*01","CAESSRGKLIF","TRAJ37*01","TRBV29-1*01","CSVGTGGTNEKLFF","TRBJ1-4*01"
"iedb_GLCTLVAML_130","TRAV13-1*01","CAATDNTDKLIF","TRAJ34*01","TRBV4-1*01","CASSRLGDYTF","TRBJ1-2*01"
"iedb_GLCTLVAML_107","TRAV26-2*01","CILGMDSSYKLIF","TRAJ12*01","TRBV29-1*01","CSVPGLAVPGELFF","TRBJ2-2*01"
"vdj_GLCTLVAML_16","TRAV5*01","CAESTSGGKLIF","TRAJ37*01","TRBV29-1*01","CSVGTGGTNEKLFF","TRBJ1-4*01"
"iedb_GLCTLVAML_66","TRAV5*01","CAESKGNLIF","TRAJ42*01","TRBV14*01","CASSQSPGGEQYF","TRBJ2-7*01"
"iedb_GLCTLVAML_134","TRAV6*01","CALDSTYSSASKIIF","TRAJ31*01","TRBV20-1*01","CSARDRTGNGYTF","TRBJ1-2*01"
"iedb_GLCTLVAML_57","TRAV5*01","CAELGNDMRF","TRAJ43*01","TRBV14*01","CASSQAPGGEQYF","TRBJ2-7*01"
"vdj_GLCTLVAML_372","TRAV13-1*01","CAVYGQNFVF","TRAJ26*01","TRBV20-1*01","CSARDGTGNGYTF","TRBJ1-2*01"
"iedb_GLCTLVAML_54","TRAV5*01","CAEIASGTYKYIF","TRAJ40*01","TRBV20-1*01","CSAEISGTQLYNEQFF","TRBJ2-1*01"
"vdj_GLCTLVAML_17","TRAV12-1*01","CVVNGKDSSYKLIF","TRAJ12*01","TRBV2*01","CASSGGAVAPSEQFF","TRBJ2-1*01"
"iedb_GLCTLVAML_68","TRAV5*01","CAESNADNNDMRF","TRAJ43*01","TRBV29-1*01","CSVEAVGDGIYNEQFF","TRBJ2-1*01"
"iedb_GLCTLVAML_111","TRAV12-1*01","CVVNGMDSSYKLIF","TRAJ12*01","TRBV2*01","CASTPGTVLPDTQYF","TRBJ2-3*01"
"iedb_GLCTLVAML_25","TRAV29/DV5*01","CAASDGAGGTSYGKLTF","TRAJ52*01","TRBV5-8*01","CASSLWTGSHEQYF","TRBJ2-7*01"
"iedb_GLCTLVAML_49","TRAV5*01","CAEDNNARLMF","TRAJ31*01","TRBV20-1*01","CSARVEPGNGYTF","TRBJ1-2*01"
"vdj_HPNGYKSLSTL_20","TRAV1-2*01","CAVRDRTPNSGYALNF","TRAJ41*01","TRBV7-2*01","CASSFGTGEAFF","TRBJ1-1*01"
"vdj_HPNGYKSLSTL_35","TRAV8-1*01","CAVNDMNSGGYQKVTF","TRAJ13*01","TRBV12-5*01","CASGAPGTPYNEQFF","TRBJ2-1*01"
"vdj_HPNGYKSLSTL_40","TRAV13-2*01","CAETPSGGSYIPTF","TRAJ6*01","TRBV5-6*01","CASSLGHGRSSYEQYF","TRBJ2-7*01"
"vdj_HPNGYKSLSTL_41","TRAV38-2/DV8*01","CAYRSAVGYQLIW","TRAJ33*01","TRBV27*01","CASSQYSNQPQHF","TRBJ1-5*01"
"vdj_HPNGYKSLSTL_36","TRAV8-1*01","CAVRVNNAGNMLTF","TRAJ39*01","TRBV7-2*01","CASSPGLPEYF","TRBJ2-5*01"
"vdj_HPNGYKSLSTL_15","TRAV19*01","CALSRISGGYQKVTF","TRAJ13*01","TRBV3-1*01","CASSQERDRRAVEKLFF","TRBJ1-4*01"
"vdj_HPNGYKSLSTL_5","TRAV38-2/DV8*01","CAYRSAIQDKIIF","TRAJ30*01","TRBV27*01","CASSPHPGTSGGASYNEQFF","TRBJ2-1*01"
"vdj_HPNGYKSLSTL_26","TRAV38-2/DV8*01","CAYRSASNAGNMLTF","TRAJ39*01","TRBV27*01","CASSLYRGSNQPQHF","TRBJ1-5*01"
"vdj_HPNGYKSLSTL_8","TRAV19*01","CALGLFSGGYNKLIF","TRAJ4*01","TRBV4-1*01","CASSHRTGGETQYF","TRBJ2-5*01"
"vdj_HPNGYKSLSTL_3","TRAV19*01","CALSEYSGGYQKVTF","TRAJ13*01","TRBV9*01","CASSVATSGGSQQFF","TRBJ2-1*01"
"vdj_HPNGYKSLSTL_12","TRAV25*01","CAGRINNARLMF","TRAJ31*01","TRBV6-5*01","CASSRDLNEQFF","TRBJ2-1*01"
"vdj_HPNGYKSLSTL_11","TRAV19*01","CALTEYSGGYQKVTF","TRAJ13*01","TRBV3-1*01","CASSQDRDRGPDEKLFF","TRBJ1-4*01"
"vdj_HPNGYKSLSTL_23","TRAV38-2/DV8*01","CAYRSGTASKLTF","TRAJ44*01","TRBV4-3*01","CASSQDRGLAGGTYNEQFF","TRBJ2-1*01"
"vdj_HPNGYKSLSTL_30","TRAV10*01","CVVSGTSGTYKYIF","TRAJ40*01","TRBV19*01","CASRARVLDEQFF","TRBJ2-1*01"
"vdj_HPNGYKSLSTL_52","TRAV38-2/DV8*01","CAYRSAVTYDMRF","TRAJ43*01","TRBV27*01","CASSLYGNQPQHF","TRBJ1-5*01"
"vdj_HPNGYKSLSTL_53","TRAV27*01","CAGPPRPSYNTDKLIF","TRAJ34*01","TRBV28*01","CASTPRGRGLVYGYTF","TRBJ1-2*01"
"vdj_HPNGYKSLSTL_39","TRAV38-2/DV8*01","CAYRSAIRNTPLVF","TRAJ29*01","TRBV27*01","CASSLYSNQPQHF","TRBJ1-5*01"
"vdj_HPNGYKSLSTL_43","TRAV19*01","CALSSTSGGYQKVTF","TRAJ13*01","TRBV3-1*01","CASSQERKAGGPTEAFF","TRBJ1-1*01"
"vdj_HPNGYKSLSTL_44","TRAV6*01","CAPRNTPLVF","TRAJ29*01","TRBV27*01","CASSLYGGQPQHF","TRBJ1-5*01"
"vdj_HPNGYKSLSTL_51","TRAV19*01","CALGSFSGGYNKLIF","TRAJ4*01","TRBV4-1*01","CASSQLEQGGETQYF","TRBJ2-5*01"
"vdj_HPNGYKSLSTL_28","TRAV38-2/DV8*01","CAYRSASNYQLIW","TRAJ33*01","TRBV27*01","CASSLYPGANTEAFF","TRBJ1-1*01"
"vdj_HPNGYKSLSTL_13","TRAV19*01","CALLLFSGGYNKLIF","TRAJ4*01","TRBV3-1*01","CASSPREGGETQYF","TRBJ2-5*01"
"vdj_HPNGYKSLSTL_48","TRAV38-2/DV8*01","CAYRSANNYQLIW","TRAJ33*01","TRBV27*01","CASSLYGSSYNEQFF","TRBJ2-1*01"
"vdj_HPNGYKSLSTL_27","TRAV19*01","CALTRPGGGYNKLIF","TRAJ4*01","TRBV2*01","CASRGLQGRIDYNEQFF","TRBJ2-1*01"
"vdj_HPNGYKSLSTL_4","TRAV41*01","CAVDNYGQNFVF","TRAJ26*01","TRBV27*01","CASSLYGADTQYF","TRBJ2-3*01"
"vdj_HPNGYKSLSTL_38","TRAV19*01","CALLIFSGGYNKLIF","TRAJ4*01","TRBV4-1*01","CASSQEGGGETQYF","TRBJ2-5*01"
"vdj_HPNGYKSLSTL_1","TRAV38-2/DV8*01","CAYRSAGSGGSNYKLTF","TRAJ53*01","TRBV27*01","CASSLMTNQPQHF","TRBJ1-5*01"
"vdj_HPNGYKSLSTL_37","TRAV14/DV4*01","CAMREGPKLTGGGNKLTF","TRAJ10*01","TRBV20-1*01","CSANPRDESYNEQFF","TRBJ2-1*01"
"vdj_HPNGYKSLSTL_2","TRAV38-2/DV8*01","CAYRSATGYALNF","TRAJ41*01","TRBV27*01","CASSLYGSVQNEQFF","TRBJ2-1*01"
"vdj_HPNGYKSLSTL_10","TRAV19*01","CALSEKSGGYQKVTF","TRAJ13*01","TRBV3-1*01","CASSQERGDNTKNTQYF","TRBJ2-3*01"
"vdj_KLVALGINAV_30","TRAV5*01","CAEGGGSYIPTF","TRAJ6*01","TRBV25-1*01","CASSEGDTEAFF","TRBJ1-1*01"
"vdj_KLVALGINAV_26","TRAV38-2/DV8*01","CAYNDGNQFYF","TRAJ49*01","TRBV18*01","CASSSPHRDSYSPLHF","TRBJ1-6*01"
"vdj_KLVALGINAV_21","TRAV38-2/DV8*01","CAYVQDDKIIF","TRAJ30*01","TRBV19*01","CASSQGSYEQYF","TRBJ2-7*01"
"vdj_KLVALGINAV_31","TRAV12-3*01","CALLSSNTGKLIF","TRAJ37*01","TRBV9*01","CASSVEGIDEKLFF","TRBJ1-4*01"
"vdj_KLVALGINAV_28","TRAV38-2/DV8*01","CAYRDDYKLSF","TRAJ20*01","TRBV19*01","CASSIGQYEQYF","TRBJ2-7*01"
"vdj_KLVALGINAV_1","TRAV38-2/DV8*01","CASYAGGTSYGKLTF","TRAJ52*01","TRBV4-1*01","CASSPAPSASSYEQYF","TRBJ2-7*01"
"vdj_KLVALGINAV_19","TRAV38-2/DV8*01","CAYREGAQKLVF","TRAJ54*01","TRBV30*01","CAWSINSAEAFF","TRBJ1-1*01"
"vdj_KLVALGINAV_16","TRAV38-2/DV8*01","CAYNAGNMLTF","TRAJ39*01","TRBV13*01","CASSYQSGNTEAFF","TRBJ1-1*01"
"vdj_KLVALGINAV_23","TRAV38-2/DV8*01","CATYSGGGADGLTF","TRAJ45*01","TRBV6-6*01","CASSYTGELFF","TRBJ2-2*01"
"vdj_KLVALGINAV_15","TRAV38-2/DV8*01","CAYKPDTPLVF","TRAJ29*01","TRBV25-1*01","CASTGGLGYTF","TRBJ1-2*01"
"vdj_KLVALGINAV_3","TRAV8-3*01","CAVGSNSGYALNF","TRAJ41*01","TRBV9*01","CASSSSWADTQYF","TRBJ2-3*01"
"vdj_KLVALGINAV_27","TRAV38-2/DV8*01","CAYNDMRF","TRAJ43*01","TRBV25-1*01","CASSQETQYF","TRBJ2-5*01"
"vdj_KLVALGINAV_4","TRAV38-2/DV8*01","CAYGDDKIIF","TRAJ30*01","TRBV25-1*01","CASGQGQETQYF","TRBJ2-5*01"
"vdj_KLVALGINAV_25","TRAV38-2/DV8*01","CAYKDNDMRF","TRAJ43*01","TRBV25-1*01","CASSAETQYF","TRBJ2-5*01"
"vdj_KLVALGINAV_11","TRAV38-2/DV8*01","CAYDDMRF","TRAJ43*01","TRBV11-2*01","CASSSRHEGEDTEAFF","TRBJ1-1*01"
"vdj_KLVALGINAV_20","TRAV38-2/DV8*01","CAYREVNDMRF","TRAJ43*01","TRBV25-1*01","CASSDSYGYTF","TRBJ1-2*01"
"vdj_KLVALGINAV_24","TRAV8-4*01","CAVSDLEPNSSASKIIF","TRAJ3*01","TRBV25-1*01","CASSFGADTQYF","TRBJ2-3*01"
"vdj_KLVALGINAV_17","TRAV38-2/DV8*01","CAYPGGGADGLTF","TRAJ45*01","TRBV25-1*01","CASNRGDGYTF","TRBJ1-2*01"
"vdj_KLVALGINAV_13","TRAV38-2/DV8*01","CAYGDDKIIF","TRAJ30*01","TRBV25-1*01","CASKMGAEAFF","TRBJ1-1*01"
"vdj_KLVALGINAV_32","TRAV19*01","CALSEPYSGAGSYQLTF","TRAJ28*01","TRBV15*01","CATSSGDLSSGANVLTF","TRBJ2-6*01"
"vdj_KLVALGINAV_35","TRAV38-2/DV8*01","CAYGEDDKIIF","TRAJ30*01","TRBV25-1*01","CASRRGSAELYF","TRBJ2-7*01"
"vdj_KLVALGINAV_2","TRAV38-2/DV8*01","CATHTGKLIF","TRAJ37*01","TRBV19*01","CASSWSASYEQYF","TRBJ2-7*01"
"vdj_KLVALGINAV_6","TRAV38-2/DV8*01","CAYLVYDMRF","TRAJ43*01","TRBV27*01","CASSLAQGQPQHF","TRBJ1-5*01"
"vdj_KLVALGINAV_10","TRAV38-2/DV8*01","CARDAGNMLTF","TRAJ39*01","TRBV7-9*01","CASSLEGSYEQYF","TRBJ2-7*01"
"vdj_KLVALGINAV_7","TRAV38-2/DV8*01","CAYYGGSQGNLIF","TRAJ42*01","TRBV13*01","CASTNRQEGQETQYF","TRBJ2-5*01"
"vdj_KLVALGINAV_5","TRAV38-2/DV8*01","CAYLGGADGLTF","TRAJ45*01","TRBV19*01","CASSMGANEQFF","TRBJ2-1*01"
"iedb_KLVALGINAV_1","TRAV38-2/DV8*01","CAYGEDDKIIF","TRDJ1*01","TRBV25-1*01","CASRRGPYEQYF","TRBJ2-7*01"
"vdj_KLVALGINAV_29","TRAV26-1*01","CIPEGRKLTF","TRAJ56*01","TRBV28*01","CASSYRGSGNTIYF","TRBJ1-3*01"
"vdj_KLVALGINAV_9","TRAV38-2/DV8*01","CAHNTGNQFYF","TRAJ49*01","TRBV6-6*01","CASSYGSYEQYF","TRBJ2-7*01"
"vdj_KLVALGINAV_8","TRAV5*01","CAEIGTDKLIF","TRAJ34*01","TRBV20-1*01","CSANSRTGLGYTF","TRBJ1-2*01"
"vdj_NLVPMVATV_309","TRAV9-2*01","CALFAGSYIPTF","TRAJ6*01","TRBV5-4*01","CASSSRTGDQETQYF","TRBJ2-5*01"
"iedb_NLVPMVATV_127","TRAV19*01","CALSDAYNFNKFYF","TRAJ21*01","TRBV13*01","CASSDDRVRYGYTF","TRBJ1-2*01"
"iedb_NLVPMVATV_100","TRAV24*01","CARNTGNQFYF","TRAJ49*01","TRBV6-5*01","CASSPSTGVTFYGYTF","TRBJ1-2*01"
"vdj_NLVPMVATV_205","TRAV1-2*01","CAVRDSNYQLIW","TRAJ33*01","TRBV6-4*01","CASSDSTSGGNEQFF","TRBJ2-1*01"
"vdj_NLVPMVATV_489","TRAV5*01","CAEEMDSSYKLIF","TRAJ12*01","TRBV20-1*01","CSAPFPGQGDYGYTF","TRBJ1-2*01"
"iedb_NLVPMVATV_24","TRAV3*01","CATDAPGGYQKVTF","TRAJ3*01","TRBV6-2*01","CASSPWTGTLNTEAF","TRBJ1-1*01"
"vdj_NLVPMVATV_230","TRAV14/DV4*01","CAMRELLNSGGSNYKLTF","TRAJ53*01","TRBV4-2*01","CASRKLAGPTDTQYF","TRBJ2-3*01"
"vdj_NLVPMVATV_184","TRAV24*01","CACPPGDYKLSF","TRAJ20*01","TRBV7-8*01","CASSLDIPSYNEQFF","TRBJ2-1*01"
"vdj_NLVPMVATV_240","TRAV20*01","CAVTYNNNDMRF","TRAJ43*01","TRBV2*01","CAAGTRTDTQYF","TRBJ2-3*01"
"vdj_NLVPMVATV_247","TRAV21*01","CAVWRAGNMLTF","TRAJ39*01","TRBV27*01","CASSLNGRADTQYF","TRBJ2-3*01"
"vdj_NLVPMVATV_291","TRAV5*01","CAEKLAGTALIF","TRAJ15*01","TRBV5-1*01","CASSHTSGNGDTQYF","TRBJ2-3*01"
"vdj_NLVPMVATV_494","TRAV8-3*01","CAVPPQGGSEKLVF","TRAJ57*01","TRBV6-2*01","CASFSPRVYEQYF","TRBJ2-7*01"
"iedb_NLVPMVATV_8","TRAV16*01","CALGWANNLFF","TRAJ36*01","TRBV27*01","CASSPGTGHTGELFF","TRBJ2-2*01"
"iedb_NLVPMVATV_123","TRAV35*01","CAGQASQGNLIF","TRAJ42*01","TRBV12-4*01","CASSIQALLTF","TRBJ1-2*01"
"vdj_NLVPMVATV_250","TRAV21*01","CAVRLIQGAQKLVF","TRAJ54*01","TRBV9*01","CASSVEGQGDTEAFF","TRBJ1-1*01"
"vdj_NLVPMVATV_194","TRAV1-2*01","CAVRVSGGYNKLIF","TRAJ4*01","TRBV7-6*01","CASSLETVNTEAFF","TRBJ1-1*01"
"iedb_NLVPMVATV_99","TRAV24*01","CARNTGNQFYF","TRAJ49*01","TRBV6-5*01","CASSAQTGASYGYTF","TRBJ1-2*01"
"vdj_NLVPMVATV_520","TRAV5*01","CAERIQTGANNLFF","TRAJ36*01","TRBV13*01","CASSLGGGGVTEAFF","TRBJ1-1*01"
"vdj_NLVPMVATV_222","TRAV13-1*01","CAADTLLNAGGTSYGKLTF","TRAJ52*01","TRBV5-6*01","CASSGRGFLNYGYTF","TRBJ1-2*01"
"iedb_NLVPMVATV_128","TRAV19*01","CALSDVGMNRDDKIIF","TRAJ30*01","TRBV4-1*01","CASSQGLGREGASEQFF","TRBJ2-1*01"
"vdj_NLVPMVATV_253","TRAV23/DV6*01","CAASRGSGAGSYQLTF","TRAJ28*01","TRBV12-3*01","CASSLVVMGTGFTDTQYF","TRBJ2-3*01"
"vdj_NLVPMVATV_254","TRAV24*01","CALNQAGTALIF","TRAJ15*01","TRBV7-6*01","CASSLAQQGLAEAFF","TRBJ1-1*01"
"vdj_NLVPMVATV_469","TRAV29/DV5*01","CAASGNTGNQFYF","TRAJ49*01","TRBV12-4*01","CASSYNEQFF","TRBJ2-1*01"
"vdj_NLVPMVATV_263","TRAV29/DV5*01","CAASFAGNTPLVF","TRAJ29*01","TRBV29-1*01","CSGDRSSDTQYF","TRBJ2-3*01"
"vdj_NLVPMVATV_490","TRAV5*01","CAESKRDGGATNKLIF","TRAJ32*01","TRBV18*01","CASSPSREGYTF","TRBJ1-2*01"
"vdj_NLVPMVATV_166","TRAV3*01","CAVRQDYQLIW","TRAJ33*01","TRBV6-5*01","CASGPGTSATDTQYF","TRBJ2-3*01"
"mcpas_NLVPMVATV_342","TRAV12-3*01","CATYLTGNQFYF","TRAJ49*01","TRBV12-4*01","CASSQALPYEQYF","TRBJ2-7*01"
"vdj_NLVPMVATV_192","TRAV5*01","CAESSASKIIF","TRAJ3*01","TRBV3-1*01","CASSHDPTWGPGNTIYF","TRBJ1-3*01"
"vdj_NLVPMVATV_448","TRAV1-2*01","CAVSDYGGSQGNLIF","TRAJ42*01","TRBV5-1*01","CASSLEIQGSGAFF","TRBJ1-1*01"
"vdj_NLVPMVATV_242","TRAV21*01","CAVRSDQAGTALIF","TRAJ15*01","TRBV5-6*01","CASSLGTGELFF","TRBJ2-2*01"
"vdj_QMMVKAGL_28","TRAV9-2*01","CAPLKGKLIF","TRAJ37*01","TRBV11-2*01","CASSLEGRREGETQYF","TRBJ2-5*01"
"vdj_QMMVKAGL_27","TRAV3*01","CAVRQTAYSGAGSYQLTF","TRAJ28*01","TRBV2*01","CASSSSPRGDTQYF","TRBJ2-3*01"
"vdj_QMMVKAGL_2","TRAV8-3*01","CAVGDYKLSF","TRAJ20*01","TRBV9*01","CASSPSQTSGGRTDTQYF","TRBJ2-3*01"
"vdj_QMMVKAGL_61","TRAV6*01","CALPSNAGNNRKLIW","TRAJ38*01","TRBV9*01","CASSVERGRNTGELFF","TRBJ2-2*01"
"vdj_QMMVKAGL_40","TRAV12-2*01","CAVNPGTYKYIF","TRAJ40*01","TRBV12-3*01","CASAPRRDRGTDTQYF","TRBJ2-3*01"
"vdj_QMMVKAGL_13","TRAV19*01","CALSEAPSNFGNEKLTF","TRAJ48*01","TRBV4-1*01","CASSHRDRGISGANVLTF","TRBJ2-6*01"
"vdj_QMMVKAGL_45","TRAV8-3*01","CAVGADGNKLVF","TRAJ47*01","TRBV27*01","CASSIGQGKSSYEQYF","TRBJ2-7*01"
"vdj_QMMVKAGL_55","TRAV29/DV5*01","CAASVGGGNKLTF","TRAJ10*01","TRBV3-1*01","CASSPDRGYEQFF","TRBJ2-1*01"
"vdj_QMMVKAGL_30","TRAV9-2*01","CAQNAGNMLTF","TRAJ39*01","TRBV20-1*01","CSANPEGPYEQYF","TRBJ2-7*01"
"vdj_QMMVKAGL_53","TRAV17*01","CATDESNARLMF","TRAJ31*01","TRBV11-2*01","CASSLIRTWDEQYF","TRBJ2-7*01"
"vdj_QMMVKAGL_34","TRAV12-2*01","CAVNSGFSGGYNKLIF","TRAJ4*01","TRBV11-2*01","CASSFRQGEAFF","TRBJ1-1*01"
"vdj_QMMVKAGL_60","TRAV20*01","CAVRGSYIPTF","TRAJ6*01","TRBV20-1*01","CSAREGVNTEAFF","TRBJ1-1*01"
"vdj_QMMVKAGL_58","TRAV41*01","CAVENTGNQFYF","TRAJ49*01","TRBV4-1*01","CASRAWGREGEKLFF","TRBJ1-4*01"
"vdj_QMMVKAGL_23","TRAV26-2*01","CILRDVMNTGNQFYF","TRAJ49*01","TRBV4-1*01","CASSPRDRARGDEQYF","TRBJ2-7*01"
"vdj_QMMVKAGL_46","TRAV8-6*01","CAVTNGGATNKLIF","TRAJ32*01","TRBV3-1*01","CASSQWGRPQETQYF","TRBJ2-5*01"
"vdj_QMMVKAGL_47","TRAV17*01","CATDGRGGAQKLVF","TRAJ54*01","TRBV3-1*01","CASSSIAGRGEKLFF","TRBJ1-4*01"
"vdj_QMMVKAGL_29","TRAV20*01","CAVDRGMDSNYQLIW","TRAJ33*01","TRBV28*01","CASSFLFRDGTYEQYF","TRBJ2-7*01"
"vdj_QMMVKAGL_41","TRAV22*01","CAVEFPSSGSARQLTF","TRAJ22*01","TRBV11-2*01","CASSSPRVAGRPDTQYF","TRBJ2-3*01"
"vdj_QMMVKAGL_3","TRAV3*01","CAVAMDTGRRALTF","TRAJ5*01","TRBV9*01","CASSNYPGGARTDTQYF","TRBJ2-3*01"
"vdj_QMMVKAGL_38","TRAV20*01","CAVRTYSGGGADGLTF","TRAJ45*01","TRBV12-3*01","CASAPRRDRGTDTQYF","TRBJ2-3*01"
"vdj_QMMVKAGL_20","TRAV22*01","CAVVSWYSGGGADGLTF","TRAJ45*01","TRBV9*01","CASSPGDRGKTNEQFF","TRBJ2-1*01"
"vdj_QMMVKAGL_4","TRAV8-1*01","CAVNMALGGGYQKVTF","TRAJ13*01","TRBV5-6*01","CASSPPARDRDHEQYF","TRBJ2-7*01"
"vdj_QMMVKAGL_10","TRAV3*01","CAVRDLDSGGYQKVTF","TRAJ13*01","TRBV16*01","CASSHLDRGKKDYEQYF","TRBJ2-7*01"
"vdj_QMMVKAGL_36","TRAV38-2/DV8*01","CAYRSAARDSNYQLIW","TRAJ33*01","TRBV12-5*01","CASGLLTSGSINEQFF","TRBJ2-1*01"
"vdj_QMMVKAGL_57","TRAV29/DV5*01","CAANTGNQFYF","TRAJ49*01","TRBV11-2*01","CASSWRTGNSGELFF","TRBJ2-2*01"
"vdj_QMMVKAGL_8","TRAV26-1*01","CIVRVAASVSNSGYALNF","TRAJ41*01","TRBV19*01","CASSSRDRGLGTEAFF","TRBJ1-1*01"
"vdj_QMMVKAGL_51","TRAV8-2*01","CVVSLGGYNKLIF","TRAJ4*01","TRBV20-1*01","CSARDRYNEQFF","TRBJ2-1*01"
"vdj_QMMVKAGL_16","TRAV4*01","CLVGDSGNAGNMLTF","TRAJ39*01","TRBV2*01","CASRMTGGKTNEKLFF","TRBJ1-4*01"
"vdj_QMMVKAGL_52","TRAV8-4*01","CAVSGGYSTLTF","TRAJ11*01","TRBV19*01","CASSMIPDMNTEAFF","TRBJ1-1*01"
"vdj_QMMVKAGL_19","TRAV13-1*01","CAASGNYGQNFVF","TRAJ26*01","TRBV4-1*01","CASSQDPPGRLGKLFF","TRBJ1-4*01"
"vdj_QYIKWPWYI_93","TRAV29/DV5*01","CAARRGNKLVF","TRAJ47*01","TRBV5-6*01","CASSLGGFGSPLHF","TRBJ1-6*01"
"vdj_QYIKWPWYI_60","TRAV14/DV4*01","CAMIKNNDMRF","TRAJ43*01","TRBV28*01","CASSWTGGSGNTIYF","TRBJ1-3*01"
"vdj_QYIKWPWYI_14","TRAV14/DV4*01","CAMREGQGNAGNMLTF","TRAJ39*01","TRBV4-1*01","CASSQDYWGGGADTQYF","TRBJ2-3*01"
"vdj_QYIKWPWYI_72","TRAV14/DV4*01","CAMRVVNRDDKIIF","TRAJ30*01","TRBV19*01","CASSIRAGGRRDEQFF","TRBJ2-1*01"
"vdj_QYIKWPWYI_10","TRAV38-1*01","CAFLNAGGTSYGKLTF","TRAJ52*01","TRBV6-2*01","CASSWNGLAGDEQFF","TRBJ2-1*01"
"vdj_QYIKWPWYI_12","TRAV3*01","CAVRALYNFNKFYF","TRAJ21*01","TRBV7-2*01","CASSSLAGEVNEQFF","TRBJ2-1*01"
"vdj_QYIKWPWYI_92","TRAV8-4*01","CAVLEGAQKLVF","TRAJ54*01","TRBV18*01","CASSPPQGGSYEQYF","TRBJ2-7*01"
"iedb_QYIKWPWYI_22","TRAV41*01","CAKTQGAQKLVF","TRAJ54*01","TRBV27*01","CASSTLAEETQYF","TRBJ2-5*01"
"vdj_QYIKWPWYI_49","TRAV30*01","CGTESGTGNQFYF","TRAJ49*01","TRBV27*01","CASSFQGLGNGYTF","TRBJ1-2*01"
"vdj_QYIKWPWYI_61","TRAV22*01","CAGLNMYSGGGADGLTF","TRAJ45*01","TRBV20-1*01","CSARPTSGGRHYEQYF","TRBJ2-7*01"
"vdj_QYIKWPWYI_51","TRAV10*01","CVGGGGTSGGGADGLTF","TRAJ45*01","TRBV5-6*01","CASSYAGAGEQFF","TRBJ2-1*01"
"vdj_QYIKWPWYI_66","TRAV21*01","CAVWDTGKLIF","TRAJ37*01","TRBV15*01","CATSTEQGREQFF","TRBJ2-1*01"
"iedb_QYIKWPWYI_11","TRAV41*01","CAVESYNTDKLIF","TRAJ34*01","TRBV27*01","CASTPWGAEAFF","TRBJ2-2*01"
"vdj_QYIKWPWYI_77","TRAV24*01","CAFWRVGSGGGADGLTF","TRAJ45*01","TRBV5-6*01","CASSLQQGITDTQYF","TRBJ2-3*01"
"iedb_QYIKWPWYI_29","TRAV9-1*01","CALTHYNQGGKLIF","TRAJ23*01","TRBV6-2*01","CASRDGQNQETQYF","TRBJ2-5*01"
"vdj_QYIKWPWYI_9","TRAV21*01","CAVRHTNAGKSTF","TRAJ27*01","TRBV2*01","CAGKSTGELFF","TRBJ2-2*01"
"vdj_QYIKWPWYI_63","TRAV19*01","CALSDLVLGSNYQLIW","TRAJ33*01","TRBV20-1*01","CSARDQQGAHLEQYF","TRBJ2-7*01"
"vdj_QYIKWPWYI_8","TRAV29/DV5*01","CAARSGNTPLVF","TRAJ29*01","TRBV7-9*01","CASSLGETIYGYTF","TRBJ1-2*01"
"vdj_QYIKWPWYI_84","TRAV24*01","CAFPQGGSNYKLTF","TRAJ53*01","TRBV20-1*01","CSARDIRTSGSYEQYF","TRBJ2-7*01"
"vdj_QYIKWPWYI_74","TRAV30*01","CGTAIYNQGGKLIF","TRAJ23*01","TRBV20-1*01","CSAPRQGWADTQYF","TRBJ2-3*01"
"vdj_QYIKWPWYI_6","TRAV41*01","CAVDTGTASKLTF","TRAJ44*01","TRBV28*01","CASTPWGAEAFF","TRBJ1-1*01"
"vdj_QYIKWPWYI_11","TRAV8-1*01","CAVYNQGGKLIF","TRAJ23*01","TRBV6-4*01","CASSALVAFSTDTQYF","TRBJ2-3*01"
"vdj_QYIKWPWYI_50","TRAV12-3*01","CATTLLTQGGSEKLVF","TRAJ57*01","TRBV6-1*01","CASSTDFDRRGTQYF","TRBJ2-5*01"
"vdj_QYIKWPWYI_62","TRAV5*01","CAEENAGNMLTF","TRAJ39*01","TRBV19*01","CASSLQGARKLFF","TRBJ1-4*01"
"iedb_QYIKWPWYI_75","TRAV41*01","CAVESYNTDKLIF","TRAJ34*01","TRBV27*01","CASSSYTQRGLDYTGELFF","TRBJ2-2*01"
"vdj_QYIKWPWYI_121","TRAV24*01","CAFTNYNQGGKLIF","TRAJ23*01","TRBV5-6*01","CASSPAGGAVLQAFF","TRBJ1-1*01"
"vdj_QYIKWPWYI_85","TRAV6*01","CALDTSNTGNQFYF","TRAJ49*01","TRBV20-1*01","CSARGTGAYEQYF","TRBJ2-7*01"
"vdj_QYIKWPWYI_65","TRAV10*01","CVVSVLTGGGADGLTF","TRAJ45*01","TRBV5-6*01","CASSLAGTGFGHEQYF","TRBJ2-7*01"
"vdj_QYIKWPWYI_75","TRAV12-2*01","CAAGPPGFKTIF","TRAJ9*01","TRBV5-6*01","CASSTGQGVWEQFF","TRBJ2-1*01"
"vdj_QYIKWPWYI_67","TRAV3*01","CAVRAYNNDMRF","TRAJ43*01","TRBV3-1*01","CASSQGLGGTDNSPLHF","TRBJ1-6*01"
"iedb_RFPLTFGWCF_44","TRAV8-3*01","CAVGAPGASGTYKYIF","TRAJ40*01","TRBV4-1*01","CASSPTSGSYEQYF","TRBJ2-7*01"
"iedb_RFPLTFGWCF_49","TRAV20*02","CAVQDMGRRALTF","TRAJ5*01","TRBV24-1*01","CATSGRRDEQFF","TRBJ2-1*01"
"iedb_RFPLTFGWCF_39","TRAV21*02","CAGRGSARQLTF","TRAJ22*01","TRBV4-1*01","CASSQDRGQGGSYEQYF","TRBJ2-7*01"
"iedb_RFPLTFGWCF_9","TRAV8-3*01","CAVGAPERTSGTYKYIF","TRAJ40*01","TRBV13*01","CASSPGTAAGLTYEQYF","TRBJ2-7*01"
"iedb_RFPLTFGWCF_7","TRAV8-3*02","CAVGAPDTSGTYKYIF","TRAJ40*01","TRBV13*01","CASSPGTAAGLTYEQYF","TRBJ2-7*01"
"iedb_RFPLTFGWCF_23","TRAV8-3*02","CAVGAPSTSGTYKYIF","TRAJ40*01","TRBV7-9*03","CASRPGQGRNGTSGVTYEQYF","TRBJ2-7*01"
"iedb_RFPLTFGWCF_12","TRAV8-3*01","CAVGAPSTSGTYKYIF","TRAJ40*01","TRBV15*02","CATSRVTGGFYEQYF","TRBJ2-7*01"
"iedb_RFPLTFGWCF_21","TRAV8-3*02","CAVGAPSTSGTYKYIF","TRAJ40*01","TRBV4-1*01","CASSPTEGGSSTYEQYF","TRBJ2-7*01"
"iedb_RFPLTFGWCF_29","TRAV2*01","CAVDRRMDSSYKLIF","TRAJ12*01","TRBV28*01","CAIVYRGQPSGANVLTF","TRBJ2-6*01"
"iedb_RFPLTFGWCF_38","TRAV27*01","CAGEVGWQTGANNLFF","TRAJ36*01","TRBV4-1*01","CASSPTSGSYEQYF","TRBJ2-7*01"
"iedb_RFPLTFGWCF_25","TRAV6*02","CGRPGSQGNLIF","TRAJ42*01","TRBV6-6*01","CASTPGQNEQYF","TRBJ2-7*01"
"iedb_RFPLTFGWCF_17","TRAV3*01","CAVRDLRGSYIPTF","TRAJ6*01","TRBV27*01","CASSLRTGPRADTQYF","TRBJ2-3*01"
"iedb_RFPLTFGWCF_36","TRAV5*01","CAEMGSSYKLIF","TRAJ12*01","TRBV30*01","CAYLDRAKSTGELFF","TRBJ2-2*01"
"iedb_RFPLTFGWCF_8","TRAV8-3*02","CAVGAPDTSGTYKYIF","TRAJ40*01","TRBV4-1*01","CASSQAASGDSYEQYF","TRBJ2-7*01"
"iedb_RFPLTFGWCF_28","TRAV9-2*01","CAQKGGGSNYKLTF","TRAJ53*01","TRBV18*01","CASSPQGYEQYF","TRBJ2-7*01"
"iedb_RFPLTFGWCF_52","TRAV3*01","CAVRDLRSGTYKYIF","TRAJ40*01","TRBV27*01","CASSHRTSGRAEEQYF","TRBJ2-7*01"
"iedb_RFPLTFGWCF_63","TRAV20*02","CAVQGHTGGFKTIF","TRAJ9*01","TRBV4-1*01","CASSASTEAFF","TRBJ1-1*01"
"iedb_RFPLTFGWCF_62","TRAV8-3*02","CAVGLPSTSGTYKYIF","TRAJ40*01","TRBV4-1*01","CASSPRQGVYEQYF","TRBJ2-7*01"
"iedb_RFPLTFGWCF_33","TRAV8-1*01","CAVILYGNNRLAF","TRAJ7*01","TRBV5-1*01","CASSLPRGYGYTF","TRBJ1-2*01"
"iedb_RFPLTFGWCF_27","TRAV27*01","CAGESNNNDMPF","TRAJ43*01","TRBV4-3*01","CASSQEHLGLVGEQFF","TRBJ2-1*01"
"iedb_RFPLTFGWCF_2","TRAV21*01","CAVRMDSSYKLIF","TRAJ12*01","TRBV7-9*01","CASSSWDTGELFF","TRBJ2-2*01"
"iedb_RFPLTFGWCF_15","TRAV8-3*01","CAVGRPDTSGTYKYIF","TRAJ40*01","TRBV20-1*01","CSAYSTGQGIYEQYF","TRBJ2-7*01"
"iedb_RFPLTFGWCF_35","TRAV26-2*01","CILNPTSGGGADGLTF","TRAJ45*01","TRBV5-6*01","CASSLISRTQYF","TRBJ2-5*01"
"iedb_RFPLTFGWCF_56","TRAV26-2*02","CCVLLHPKYGNKLVF","TRAJ47*02","TRBV13*01","CASSPRYSSGELFF","TRBJ2-2*01"
"iedb_RFPLTFGWCF_30","TRAV1-2*01","CAVENQGGKLIF","TRAJ23*01","TRBV12-3*01","CASSPAAVNYGYTF","TRBJ1-2*01"
"iedb_RFPLTFGWCF_57","TRAV1-2*01","CGVSGGYNKLIF","TRAJ4*01","TRBV6-1*01","CASSLGLAGDNEQFF","TRBJ1-1*01"
"iedb_RFPLTFGWCF_55","TRAV8-1*01","CAASRDNFNKFYF","TRAJ21*01","TRBV15*02","CASSKRNEQFF","TRBJ2-1*01"
"iedb_RFPLTFGWCF_46","TRAV8-3*01","CAVGAPGASGTYKYIF","TRAJ40*01","TRBV4-1*01","CASSQVAGGLYEQYF","TRBJ2-7*01"
"iedb_RFPLTFGWCF_54","TRAV8-3*02","CAVGAPTTSGTYKYIF","TRAJ40*01","TRBV4-1*01","CASSHASGQGDSYEQYF","TRBJ2-7*01"
"iedb_RFPLTFGWCF_58","TRAV26-2*01","CILRDREAAGNKLTF","TRAJ17*01","TRBV13*01","CASSPRYSSGELFF","TRBJ2-2*01"
"vdj_RPIIRPATL_5","TRAV1-2*01","CAVRDGGGFKTIF","TRAJ9*01","TRBV10-2*01","CASSEETGNQPQHF","TRBJ1-5*01"
"vdj_RPIIRPATL_33","TRAV17*01","CATDASKSGGSNYKLTF","TRAJ53*01","TRBV18*01","CASSPGEGMLVSEAFF","TRBJ1-1*01"
"vdj_RPIIRPATL_46","TRAV38-2/DV8*01","CAYRSAPDSSYKLIF","TRAJ12*01","TRBV2*01","CASRGLSNTGELFF","TRBJ2-2*01"
"vdj_RPIIRPATL_8","TRAV38-1*01","CAFMKLWGGANSKLTF","TRAJ56*01","TRBV5-4*01","CASSLIGEETQYF","TRBJ2-5*01"
"vdj_RPIIRPATL_20","TRAV29/DV5*01","CAASGGSNYKLTF","TRAJ53*01","TRBV7-9*01","CASRQEGRPMNTEAFF","TRBJ1-1*01"
"vdj_RPIIRPATL_51","TRAV14/DV4*01","CAMREGGSNYQLIW","TRAJ33*01","TRBV19*01","CASSMIPDMNTEAFF","TRBJ1-1*01"
"vdj_RPIIRPATL_87","TRAV38-2/DV8*01","CAPYSGGSNYKLTF","TRAJ53*01","TRBV19*01","CASSLIGNEQFF","TRBJ2-1*01"
"vdj_RPIIRPATL_7","TRAV13-1*01","CAALEAGGGADGLTF","TRAJ45*01","TRBV9*01","CASSVFGVQRGFGTDTQYF","TRBJ2-3*01"
"vdj_RPIIRPATL_52","TRAV26-2*01","CILRDAYNTDKLIF","TRAJ34*01","TRBV20-1*01","CSARRSDRVNTEAFF","TRBJ1-1*01"
"vdj_RPIIRPATL_3","TRAV23/DV6*01","CAATFLRDMRF","TRAJ43*01","TRBV27*01","CASSYYRLAGELFF","TRBJ2-2*01"
"vdj_RPIIRPATL_47","TRAV4*01","CLLRDDKIIF","TRAJ30*01","TRBV7-9*01","CASSPHQEVTEAFF","TRBJ1-1*01"
"vdj_RPIIRPATL_23","TRAV41*01","CAGFDRGSTLGRLYF","TRAJ18*01","TRBV9*01","CASSTPSSYNEQFF","TRBJ2-1*01"
"vdj_RPIIRPATL_21","TRAV38-1*01","CAFLDQGGSEKLVF","TRAJ57*01","TRBV7-9*01","CASRQEGRPMNTEAFF","TRBJ1-1*01"
"vdj_RPIIRPATL_9","TRAV19*01","CALPDGGSNYKLTF","TRAJ53*01","TRBV13*01","CASSSRGSGGASSYEQYF","TRBJ2-7*01"
"vdj_RPIIRPATL_24","TRAV1-2*01","CAVREGTGANNLFF","TRAJ36*01","TRBV5-4*01","CASSDREGGPHEQYF","TRBJ2-7*01"
"vdj_RPIIRPATL_54","TRAV14/DV4*01","CAMSLHDTGRRALTF","TRAJ5*01","TRBV7-2*01","CASSLNFVGLNQPQHF","TRBJ1-5*01"
"vdj_RPIIRPATL_40","TRAV1-2*01","CAVNAGNNRKLIW","TRAJ38*01","TRBV10-2*01","CASILGTSGREPYEQYF","TRBJ2-7*01"
"vdj_RPIIRPATL_70","TRAV14/DV4*01","CAMSRQGMDSSYKLIF","TRAJ12*01","TRBV29-1*01","CSVVQGAECTF","TRBJ1-2*01"
"vdj_RPIIRPATL_30","TRAV14/DV4*01","CAMSLEGGAGNKLTF","TRAJ17*01","TRBV5-4*01","CASSLRQALRNEQFF","TRBJ2-1*01"
"vdj_RPIIRPATL_57","TRAV8-4*01","CAVRVNTNAGKSTF","TRAJ27*01","TRBV7-6*01","CASSSSYEQYF","TRBJ2-7*01"
"vdj_RPIIRPATL_43","TRAV19*01","CALSDPYGGRRALTF","TRAJ5*01","TRBV29-1*01","CSAVGLAGVRSYEQYF","TRBJ2-7*01"
"vdj_RPIIRPATL_1","TRAV1-2*01","CAVNAGNNRKLIW","TRAJ38*01","TRBV13*01","CASSLAGTGGRFSYEQYF","TRBJ2-7*01"
"vdj_RPIIRPATL_66","TRAV19*01","CALTPSSGSARQLTF","TRAJ22*01","TRBV11-2*01","CASSFFGAQQVDGYTF","TRBJ1-2*01"
"vdj_RPIIRPATL_2","TRAV26-1*01","CIVRLRTNYGGSQGNLIF","TRAJ42*01","TRBV5-4*01","CASSFDRGTGNTIYF","TRBJ1-3*01"
"vdj_RPIIRPATL_82","TRAV14/DV4*01","CAMRESASGGSYIPTF","TRAJ6*01","TRBV19*01","CASSIIPDMNTEAFF","TRBJ1-1*01"
"vdj_RPIIRPATL_10","TRAV1-2*01","CAVNDGATNKLIF","TRAJ32*01","TRBV2*01","CARAFESGANVLTF","TRBJ2-6*01"
"vdj_RPIIRPATL_89","TRAV38-2/DV8*01","CAPNYGGSQGNLIF","TRAJ42*01","TRBV19*01","CASGRIAGELFF","TRBJ2-2*01"
"vdj_RPIIRPATL_32","TRAV22*01","CAVDVDSGAGSYQLTF","TRAJ28*01","TRBV14*01","CASSDNRVWTEAFF","TRBJ1-1*01"
"vdj_RPIIRPATL_91","TRAV14/DV4*01","CAMREGDTSNSGAGSYQLTF","TRAJ28*01","TRBV19*01","CASSMVPDMNTEAFF","TRBJ1-1*01"
"vdj_RPIIRPATL_53","TRAV14/DV4*01","CAMREGGGGSNYKLTF","TRAJ53*01","TRBV19*01","CASSIIPDMNTEAFF","TRBJ1-1*01"
"vdj_SPRWYFYYL_386","TRAV21*01","CAVIGGSSNTGKLIF","TRAJ37*01","TRBV5-1*01","CASSLAGAQQAFF","TRBJ1-1*01"
"iedb_SPRWYFYYL_294","TRAV10*01","CVVSAVTGGFKTIF","TRAJ9*01","TRBV5-6*01","CASSGTGPNYGYTF","TRBJ1-2*01"
"iedb_SPRWYFYYL_191","TRAV3*01","CAVSPPGGYSTLTF","TRAJ11*01","TRBV28*01","CASSFIASSYNEQFF","TRBJ2-1*01"
"vdj_SPRWYFYYL_391","TRAV14/DV4*01","CAISNFNAGNMLTF","TRAJ39*01","TRBV5-1*01","CASSLSGSYEQYF","TRBJ2-7*01"
"iedb_SPRWYFYYL_315","TRAV3*01","CAVSPTGTASKLTF","TRAJ44*01","TRBV27*01","CASSLIAGGPEAKNIQYF","TRBJ2-4*01"
"vdj_SPRWYFYYL_390","TRAV36/DV7*01","CAATSGTYKYIF","TRAJ40*01","TRBV2*01","CASSYLPTGGTDTQYF","TRBJ2-3*01"
"vdj_SPRWYFYYL_24","TRAV20*01","CAVQGQNSGGYQKVTF","TRAJ13*01","TRBV20-1*01","CSATDRAASYNSPLHF","TRBJ1-6*01"
"iedb_SPRWYFYYL_391","TRAV16*01","CALGALTGQNFVF","TRAJ26*01","TRBV25-1*01","CASSRLESLGNTIYF","TRBJ1-3*01"
"iedb_SPRWYFYYL_23","TRAV25*01","CAAPRNNNARLMF","TRAJ31*01","TRBV27*01","CASKALVGTAEAKNIQYF","TRBJ2-4*01"
"vdj_SPRWYFYYL_38","TRAV14/DV4*01","CAITGGFKTIF","TRAJ9*01","TRBV9*01","CASSSKPGGDYNEQFF","TRBJ2-1*01"
"iedb_SPRWYFYYL_350","TRAV10*01","CVVKRHTDKLIF","TRAJ34*01","TRBV27*01","CASSPLAGGFEKKETQYF","TRBJ2-5*01"
"iedb_SPRWYFYYL_455","TRAV3*01","CAVRDIGASGTYKYIF","TRAJ40*01","TRBV27*01","CASSSTETRYGYTF","TRBJ1-2*01"
"vdj_SPRWYFYYL_389","TRAV39*01","CAVVTPPARLMF","TRAJ31*01","TRBV28*01","CASSPLTGQGLGGAYEQYF","TRBJ2-7*01"
"iedb_SPRWYFYYL_417","TRAV4*01","CLVGDQQPGGYNKLIF","TRAJ4*01","TRBV6-1*01","CASWGQGSNYGYTF","TRBJ1-2*01"
"iedb_SPRWYFYYL_293","TRAV3*01","CAVRDMSRRALTF","TRAJ5*01","TRBV27*01","CASSGRGLSSGNTIYF","TRBJ1-3*01"
"iedb_SPRWYFYYL_322","TRAV4*01","CLAEAPGRRALTF","TRAJ5*01","TRBV27*01","CASSLRLAGGIQETQYF","TRBJ2-5*01"
"vdj_SPRWYFYYL_385","TRAV12-2*01","CAAGRDDKIIF","TRAJ30*01","TRBV6-2*01","CASSSMTSGIRYEQYF","TRBJ2-7*01"
"iedb_SPRWYFYYL_261","TRAV4*01","CLVGDPYYGQNFVF","TRAJ26*01","TRBV27*01","CASRTRGPVYNEQFF","TRBJ2-1*01"
"iedb_SPRWYFYYL_358","TRAV3*01","CAVRDESNQGGKLIF","TRAJ23*01","TRBV27*01","CASSPLTGSPVAKNIQYF","TRBJ2-4*01"
"iedb_SPRWYFYYL_134","TRAV19*01","CALTRSGYSTLTF","TRAJ11*01","TRBV25-1*01","CASSGLTDANTEAFF","TRBJ1-1*01"
"vdj_SPRWYFYYL_25","TRAV9-2*01","CALSVGNQGGKLIF","TRAJ23*01","TRBV19*01","CASSTLGTADKLNYGYTF","TRBJ1-2*01"
"iedb_SPRWYFYYL_330","TRAV17*01","CATEAEKGGSEKLVF","TRAJ57*01","TRBV27*01","CASSLWNTGELFF","TRBJ2-2*01"
"iedb_SPRWYFYYL_125","TRAV10*01","CVVNGRDARLMF","TRAJ31*01","TRBV27*01","CASNPLAGEFTAKNIQYF","TRBJ2-4*01"
"vdj_SPRWYFYYL_37","TRAV13-1*01","CACLTGTASKLTF","TRAJ44*01","TRBV29-1*01","CSVVPLMGGYEQYF","TRBJ2-7*01"
"iedb_SPRWYFYYL_74","TRAV4*01","CLVGDPLNNAGNMLTF","TRAJ39*01","TRBV6-5*01","CASRGQRNTIYF","TRBJ1-3*01"
"iedb_SPRWYFYYL_206","TRAV39*01","CAVDILFSDGQKLLF","TRAJ16*01","TRBV5-6*01","CASSFNSLDRSFFSGNTIYF","TRBJ1-3*01"
"iedb_SPRWYFYYL_170","TRAV17*01","CATVSFSGSARQLTF","TRAJ22*01","TRBV28*01","CASSTLNKGGWDEQFF","TRBJ2-1*01"
"vdj_SPRWYFYYL_23","TRAV13-1*01","CAALPSADYKLSF","TRAJ20*01","TRBV29-1*01","CSVDALLGAYTQYF","TRBJ2-3*01"
"vdj_SPRWYFYYL_74","TRAV13-2*01","CADPNTGNQFYF","TRAJ49*01","TRBV9*01","CASSPTDNF","TRBJ2-3*01"
"iedb_SPRWYFYYL_234","TRAV19*01","CALSEAGYSTLTF","TRAJ11*01","TRBV12-5*01","CASGTGEGSYNEQFF","TRBJ2-1*01"
"iedb_TTDPSFLGRY_328","TRAV3*01","CAVRDHSGYSTLTF","TRAJ11*01","TRBV28*01","CASSLYSGSNNEQFF","TRBJ2-1*01"
"iedb_TTDPSFLGRY_143","TRAV5*01","CAESLGGYNKLIF","TRAJ4*01","TRBV6-5*01","CASTPGSEDTQYF","TRBJ2-3*01"
"iedb_TTDPSFLGRY_190","TRAV17*01","CATDANYGQNFVF","TRAJ26*01","TRBV27*01","CASSPRDWYNEQFF","TRBJ2-1*01"
"iedb_TTDPSFLGRY_210","TRAV19*01","CALSEDGTGGFKTIF","TRAJ9*01","TRBV6-1*01","CASERRGLSGYTF","TRBJ1-2*01"
"iedb_TTDPSFLGRY_278","TRAV16*01","CALKDNQGGKLIF","TRAJ23*01","TRBV6-5*01","CASNMGGAKNIQYF","TRBJ2-4*01"
"iedb_TTDPSFLGRY_246","TRAV19*01","CALSDYSSGGSYIPTF","TRAJ6*01","TRBV18*01","CASSTARLGDTGELFF","TRBJ2-2*01"
"iedb_TTDPSFLGRY_19","TRAV5*01","CAESKSGYNKLIF","TRAJ4*01","TRBV27*01","CASSLVPGHNEQFF","TRBJ2-1*01"
"iedb_TTDPSFLGRY_20","TRAV5*01","CAESLGGYSTLTF","TRAJ11*01","TRBV6-5*01","CASTDSDTQYF","TRBJ2-3*01"
"iedb_TTDPSFLGRY_382","TRAV19*01","CALSEGAAGNKLTF","TRAJ17*01","TRBV27*01","CASSYRDGTDTQYF","TRBJ2-3*01"
"iedb_TTDPSFLGRY_56","TRAV17*01","CATDGDSGYALNF","TRAJ41*01","TRBV6-2*01","CATLSGDIYNEQFF","TRBJ2-1*01"
"iedb_TTDPSFLGRY_373","TRAV3*01","CAVPLGENRDDKIIF","TRAJ30*01","TRBV27*01","CASSSREGRDTQYF","TRBJ2-3*01"
"iedb_TTDPSFLGRY_163","TRAV19*01","CALRGSGAGSYQLTF","TRAJ28*01","TRBV27*01","CASSYGQGITFF","TRBJ1-1*01"
"iedb_TTDPSFLGRY_275","TRAV41*01","CAVANAGGTSYGKLTF","TRAJ52*01","TRBV6-1*01","CASRKDRNLLNTEAFF","TRBJ1-1*01"
"iedb_TTDPSFLGRY_186","TRAV16*01","CAPHRREAGGSYIPTF","TRAJ6*01","TRBV25-1*01","CASSVSYGYTF","TRBJ1-2*01"
"iedb_TTDPSFLGRY_311","TRAV3*01","CAVWGYGGSQGNLIF","TRAJ42*01","TRBV28*01","CASSLAGVETQYF","TRBJ2-5*01"
"iedb_TTDPSFLGRY_247","TRAV19*01","CALSEADRDDKIIF","TRAJ30*01","TRBV28*01","CASTWGTDYNEQFF","TRBJ2-1*01"
"iedb_TTDPSFLGRY_226","TRAV3*01","CAVRDRMNRDDKIIF","TRAJ30*01","TRBV27*01","CASSLTDSTDTQYF","TRBJ2-3*01"
"iedb_TTDPSFLGRY_90","TRAV40*01","CLPKYNTDKLIF","TRAJ34*01","TRBV27*01","CASSISHSTDTQYF","TRBJ2-3*01"
"iedb_TTDPSFLGRY_304","TRAV25*01","CCAGGRNYQLIWF","TRAJ33*01","TRBV27*01","CASSFRDHTDTQYF","TRBJ2-3*01"
"iedb_TTDPSFLGRY_231","TRAV4*01","CLVGGGFKTIF","TRAJ9*01","TRBV6-1*01","CASSEKLPEFNQPQHF","TRBJ1-5*01"
"iedb_TTDPSFLGRY_188","TRAV19*01","CARKGGSTDKLIF","TRAJ34*01","TRBV27*01","CASSLGGGLNYGYTF","TRBJ1-2*01"
"iedb_TTDPSFLGRY_372","TRAV38-2/DV8*01","CAYTPYNTDKLIF","TRAJ34*01","TRBV6-5*01","CASSYGEYGANVLTF","TRBJ2-6*01"
"iedb_TTDPSFLGRY_294","TRAV17*01","CAPGGSYIPTF","TRAJ6*01","TRBV28*01","CASSFTQGAEAFF","TRBJ1-1*01"
"iedb_TTDPSFLGRY_83","TRAV3*01","CAVRDWSGGGADGLTF","TRAJ45*01","TRBV6-5*01","CASSYGGGQSTGELFF","TRBJ2-2*01"
"iedb_TTDPSFLGRY_168","TRAV19*01","CALSEASHLFQGAQKLVF","TRAJ54*01","TRBV27*01","CATTGGPEEKLFF","TRBJ1-4*01"
"iedb_TTDPSFLGRY_212","TRAV19*01","CALSESMEYGNKLVF","TRAJ47*01","TRBV25-1*01","CASTRGAEGGSYNSPLHF","TRBJ1-6*01"
"iedb_TTDPSFLGRY_61","TRAV39*01","CAVDIRNSGYALNF","TRAJ41*01","TRBV28*01","CASSWTQGAGYTF","TRBJ1-2*01"
"iedb_TTDPSFLGRY_220","TRAV39*01","CAVDPSNSGYALNF","TRAJ41*01","TRBV28*01","CASSLTQGGVLFF","TRBJ1-4*01"
"iedb_TTDPSFLGRY_200","TRAV25*01","CAGPKNTGNQFYF","TRAJ49*01","TRBV27*01","CASSLDHPWGSPLHF","TRBJ1-6*01"
"iedb_TTDPSFLGRY_60","TRAV17*01","CATGGDSGAGSYQLTF","TRAJ28*01","TRBV6-5*01","CASSYSTTGRYEQFF","TRBJ2-1*01"
"iedb_VLFGLGFAI_35","TRAV27*01","CAGGLIYNQEGKLIF","TRAJ23*01","TRBV6-1*01","CARRSRGENNGGVF","TRBJ2-1*01"
"iedb_VLFGLGFAI_5","TRAV8-1*01","CAVISYNTDKLIF","TRAJ34*01","TRBV19*01","CASRSSDPYEQYF","TRBJ2-7*01"
"iedb_VLFGLGFAI_20","TRAV29/DV5*01","CAASGGSNYKLTF","TRAJ53*01","TRBV5-8*01","CASSSAVIRGLDWCYTF","TRBJ1-2*01"
"iedb_VLFGLGFAI_32","TRAV8-2*01","CVVSDGYGGATNKLIF","TRAJ32*02","TRBV5-6*01","CASSLDRAIGVTYEQYF","TRBJ2-7*01"
"iedb_VLFGLGFAI_17","TRAV29/DV5*01","CAASGGSNYKLTF","TRAJ53*01","TRBV19*01","CAKKTSLLGPGANYGYTF","TRBJ1-2*01"
"iedb_VLFGLGFAI_40","TRAV12-1*01","CVVKRGYSTLTF","TRAJ11*01","TRBV29-1*01","CSVESMDRNYEQYF","TRBJ2-7*01"
"iedb_VLFGLGFAI_14","TRAV29/DV5*01","CAASGGSNYKLTF","TRAJ53*01","TRBV10-3*01","CAISDRFMREEMTYGYPF","TRBJ1-2*01"
"iedb_VLFGLGFAI_10","TRAV25*01","CAGLGDSGGSNYKLTF","TRAJ53*01","TRBV3-1*01","CASRQDRWEKMGQNIRRF","TRBJ2-4*01"
"iedb_VLFGLGFAI_39","TRAV8-1*01","CAVMAPHTGGFKTIF","TRAJ9*01","TRBV12-3*01","CASSWETETEAFF","TRBJ1-1*01"
"iedb_VLFGLGFAI_23","TRAV29/DV5*01","CAASLLQGAQKLVF","TRAJ54*01","TRBV3-1*01","CASSQDRWDVMSKNIQYF","TRBJ2-4*01"
"iedb_VLFGLGFAI_43","TRAV29/DV5*01","CAARVENNTAKLIF","TRAJ34*01","TRBV10-3*01","CAISDWSTYEQYF","TRBJ2-7*01"
"iedb_VLFGLGFAI_9","TRAV25*01","CAGLGDSGGSNYKLTF","TRAJ53*01","TRBV3-1*01","CASGDGLAGKITGELFF","TRBJ2-4*01"
"iedb_VLFGLGFAI_34","TRAV26-1*01","CIAQGAQKLVF","TRAJ54*01","TRBV20-1*01","CSASASLTSGANVLTF","TRBJ2-6*01"
"iedb_VLFGLGFAI_21","TRAV29/DV5*01","CAASGGSNYKLTF","TRAJ53*01","TRBV10-3*01","CAISDLSITGGDNYGYTF","TRBJ1-2*01"
"iedb_VLFGLGFAI_38","TRAV8-6*01","CKAPLVF","TRAJ29*01","TRBV27*01","CASREGSYPKNIQYF","TRBJ2-4*01"
"iedb_VLFGLGFAI_11","TRAV25*01","CAGLGDSGGSNYKLTF","TRAJ53*01","TRBV3-1*01","CASSQDHRVMRLDAGELFF","TRBJ2-2*01"
"iedb_VLFGLGFAI_6","TRAV8-4*01","CAVSADSGGSNYKLTF","TRAJ53*01","TRBV24-1*01","CATSDLPYIGTRLNEQFF","TRBJ2-1*01"
"iedb_VLFGLGFAI_4","TRAV8-3*01","CALQTGANNLFF","TRAJ36*01","TRBV3-1*01","CASSQDRWDVMSQNIQYF","TRBJ2-4*01"
"iedb_VLFGLGFAI_19","TRAV29/DV5*01","CAASGGSNYKLTF","TRAJ53*01","TRBV3-1*01","CASSQEVMTALQPDYGYTF","TRBJ1-2*01"
"iedb_VLFGLGFAI_16","TRAV29/DV5*01","CAASGGSNYKLTF","TRAJ53*01","TRBV6-2*01","CASGTLLIRGKGYERYF","TRBJ2-7*01"
"iedb_VLFGLGFAI_7","TRAV25*01","CAGLGDSGGSNYKLTF","TRAJ53*01","TRBV3-1*01","CASSQDRWDVMSKNIQYF","TRBJ2-4*01"
"iedb_VLFGLGFAI_18","TRAV29/DV5*01","CAASGGSNYKLTF","TRAJ53*01","TRBV30*01","CAWGVLFIGRGVGDYGYTF","TRBJ1-2*01"
"iedb_VLFGLGFAI_41","TRAV6*03","CALRGGYSTLTF","TRAJ11*01","TRBV28*01","CASSPITGTSLANEQFF","TRBJ2-1*01"
"iedb_VLFGLGFAI_2","TRAV29/DV5*01","CAASASGGTSYGKLTF","TRAJ52*01","TRBV6-5*01","CASSYSGGNRKNTQNF","TRBJ2-3*01"
"iedb_VLFGLGFAI_36","TRAV8-3*01","CAGRLVVGGGADALTF","TRAJ45*01","TRBV6-6*01","CASSYQHEQYF","TRBJ2-7*01"
"iedb_VLFGLGFAI_24","TRAV29/DV5*01","CAASDGAGNMLTF","TRAJ39*01","TRBV28*01","CASRGLIIQRSSYEQYF","TRBJ2-7*01"
"iedb_VLFGLGFAI_15","TRAV29/DV5*01","CAASGGSNYKLTF","TRAJ53*01","TRBV24-1*01","CATSDPLIKGLAEYNEQFF","TRBJ2-1*01"
"iedb_VLFGLGFAI_1","TRAV17*01","CAAFRSNDYKLSF","TRAJ20*01","TRBV6-5*01","CASSPVPGLDEQFF","TRBJ2-1*01"
"iedb_VLFGLGFAI_13","TRAV29/DV5*01","CAASGGSNYKLTF","TRAJ53*01","TRBV10-3*01","CAISEMLIRGLANYGYPF","TRBJ1-2*01"
"iedb_VLFGLGFAI_3","TRAV29/DV5*02","CAASGGSNYKLTF","TRAJ53*01","TRBV10-3*01","CASSGRFLREGMTYGYTF","TRBJ1-2*01"
"vdj_YLQPRTFLL_18","TRAV12-1*01","CVVNIPQAGTALIF","TRAJ15*01","TRBV20-1*01","CSARGLAEANTGELFF","TRBJ2-2*01"
"vdj_YLQPRTFLL_156","TRAV14/DV4*01","CARDQRGYQKVTF","TRAJ13*01","TRBV20-1*01","CSARDDRALNTGELFF","TRBJ2-2*01"
"iedb_YLQPRTFLL_183","TRAV17*01","CATPGGQKLVF","TRAJ54*01","TRBV28*01","CASTLRDRGNQPQHF","TRBJ1-5*01"
"iedb_YLQPRTFLL_414","TRAV12-2*01","CAVNRDDKIIF","TRAJ30*01","TRBV7-9*01","CASSPDIEQYF","TRBJ2-7*01"
"vdj_YLQPRTFLL_27","TRAV5*01","CAEILDFGNEKLTF","TRAJ48*01","TRBV20-1*01","CSARDPSGVKLFF","TRBJ1-4*01"
"iedb_YLQPRTFLL_184","TRAV17*01","CATRNTDKLIF","TRAJ34*01","TRBV27*01","CASSFGRGGSQPQHF","TRBJ1-5*01"
"vdj_YLQPRTFLL_147","TRAV14/DV4*01","CAMRDPHLWSGATNKLIF","TRAJ32*01","TRBV2*01","CASADLDTGELFF","TRBJ2-2*01"
"vdj_YLQPRTFLL_150","TRAV8-3*01","CAVGAAGGTSYGKLTF","TRAJ52*01","TRBV12-3*01","CANGDLNSGELFF","TRBJ2-2*01"
"iedb_YLQPRTFLL_415","TRAV12-1*01","CVVNINTDKLIF","TRAJ34*01","TRBV7-9*03","CASSSANSGELFF","TRBJ2-2*01"
"iedb_YLQPRTFLL_322","TRAV22*01","CAVDGRDDKIIF","TRAJ30*01","TRBV6-1*01","CASSEWRWGGPTDTQYF","TRBJ2-3*01"
"vdj_YLQPRTFLL_40","TRAV12-1*01","CVVNVVDDMRF","TRAJ43*01","TRBV7-8*01","CASSAGVSGEQYF","TRBJ2-7*01"
"iedb_YLQPRTFLL_22","TRAV3*01","CAVRDKNTDKLIF","TRAJ34*01","TRBV6-5*01","CASSYPTGEGQETQYF","TRBJ2-5*01"
"vdj_YLQPRTFLL_49","TRAV14/DV4*01","CAMRGAGNEKLTF","TRAJ48*01","TRBV9*01","CASSVEPGWDEQYF","TRBJ2-7*01"
"vdj_YLQPRTFLL_158","TRAV12-2*01","CAVNTLDKLTF","TRAJ10*01","TRBV7-9*01","CASSLDIEAFF","TRBJ1-1*01"
"vdj_YLQPRTFLL_453","TRAV12-1*01","CVVNNAGNMLTF","TRAJ39*01","TRBV15*01","CATQNLNTGELFF","TRBJ2-2*01"
"vdj_YLQPRTFLL_141","TRAV12-1*01","CVVNGADKIIF","TRAJ30*01","TRBV7-9*01","CASSPDIEAFF","TRBJ1-1*01"
"vdj_YLQPRTFLL_137","TRAV19*01","CALSPFPRGAGSYQLTF","TRAJ28*01","TRBV15*01","CATSRDMRGSVELFF","TRBJ2-2*01"
"vdj_YLQPRTFLL_44","TRAV12-1*01","CVVNKGNDMRF","TRAJ43*01","TRBV2*01","CASQDTNTGELFF","TRBJ2-2*01"
"vdj_YLQPRTFLL_138","TRAV8-6*01","CAVLPHGNNRLAF","TRAJ7*01","TRBV20-1*01","CSARDRVGQNTGELFF","TRBJ2-2*01"
"vdj_YLQPRTFLL_159","TRAV35*01","CAGSDPSNTGKLIF","TRAJ37*01","TRBV5-5*01","CASSFGAGTAENTGELFF","TRBJ2-2*01"
"vdj_YLQPRTFLL_149","TRAV36/DV7*01","CAPKAAGNKLTF","TRAJ17*01","TRBV13*01","CASSPIAGGNTGELFF","TRBJ2-2*01"
"vdj_YLQPRTFLL_42","TRAV41*01","CAVIPDFGNEKLTF","TRAJ48*01","TRBV18*01","CASRDGRESYEQYF","TRBJ2-7*01"
"vdj_YLQPRTFLL_134","TRAV1-2*01","CAVRNNNARLMF","TRAJ31*01","TRBV6-2*01","CASRSAEAFF","TRBJ1-1*01"
"vdj_YLQPRTFLL_152","TRAV8-1*01","CAVNPPSGTYKYIF","TRAJ40*01","TRBV20-1*01","CSARDKQGWNTGELFF","TRBJ2-2*01"
"vdj_YLQPRTFLL_45","TRAV14/DV4*01","CAMREAPFAYSGAGSYQLTF","TRAJ28*01","TRBV27*01","CASSDRGRSYEQYF","TRBJ2-7*01"
"vdj_YLQPRTFLL_160","TRAV16*01","CALTDKLIF","TRAJ34*01","TRBV29-1*01","CSVETDRNTVEAFF","TRBJ1-1*01"
"vdj_YLQPRTFLL_174","TRAV23/DV6*01","CAASKAAGNKLTF","TRAJ17*01","TRBV6-2*01","CANQDLNTGELFF","TRBJ2-2*01"
"vdj_YLQPRTFLL_154","TRAV13-2*01","CAERGSYIPTF","TRAJ6*01","TRBV20-1*01","CSATRDLNTGELFF","TRBJ2-2*01"
"vdj_YLQPRTFLL_131","TRAV3*01","CAVSPPRRYGNKLVF","TRAJ47*01","TRBV5-8*01","CASSGNRDRNTGELFF","TRBJ2-2*01"
"vdj_YLQPRTFLL_171","TRAV16*01","CALTGHAGGTSYGKLTF","TRAJ52*01","TRBV7-8*01","CASSEQNTGELFF","TRBJ2-2*01"
"decoy_GILGFVFTL_1","TRAV2*01","CAVEDMNSGGYQKVTF","TRAJ13*02","TRBV28*01","CASKRTATYEQYF","TRBJ2-7*01"
"decoy_GILGFVFTL_2","TRAV8-6*01","CAVRLAGGYNKLIF","TRAJ4*01","TRBV30*01","CAWSVERVGQAYGYTF","TRBJ1-2*01"
"decoy_GILGFVFTL_3","TRAV8-2*01","CVVRFNDMRF","TRAJ43*01","TRBV27*01","CASSLWGAGSTDTQYF","TRBJ2-3*01"
"decoy_GILGFVFTL_4","TRAV13-2*01","CADSGGGADGLTF","TRAJ45*01","TRBV27*01","CASSERDRGYEQYF","TRBJ2-7*01"
"decoy_GILGFVFTL_5","TRAV26-1*01","CIVRVDHTGGFKTIF","TRAJ9*01","TRBV4-3*01","CASSQVVDWISNTGELFF","TRBJ2-2*01"
"decoy_GILGFVFTL_6","TRAV21*01","CAVSNGGSQGNLIF","TRAJ42*01","TRBV7-9*03","CASNLIGQLNEQYF","TRBJ2-7*01"
"decoy_GILGFVFTL_7","TRAV6*01","CAPHNAGNMLTF","TRAJ39*01","TRBV7-9*01","CASSLIGTQRGNEQFF","TRBJ2-1*01"
"decoy_GILGFVFTL_8","TRAV39*01","CAVENAGNMLTF","TRAJ39*01","TRBV10-2*01","CASWTVSYNEQFF","TRBJ2-1*01"
"decoy_GILGFVFTL_9","TRAV17*01","CATVNSGGYQKVTF","TRAJ13*01","TRBV27*01","CASSLSPLDNPSYEQYF","TRBJ2-7*01"
"decoy_GILGFVFTL_10","TRAV25*01","CAGSEGGGADGLTF","TRAJ45*01","TRBV27*01","CASSSERNPYEQYF","TRBJ2-7*01"
"decoy_GILGFVFTL_11","TRAV14/DV4*01","CAMREKPGGYQKVTF","TRAJ13*01","TRBV19*01","CASSLSRRRSRDDNEQFF","TRBJ2-1*01"
"decoy_GILGFVFTL_12","TRAV8-1*01","CAALTGGGNKLTF","TRAJ10*01","TRBV6-4*01","CATQQGLGTGELFF","TRBJ2-2*01"
"decoy_GILGFVFTL_13","TRAV19*01","CALGSNYQLIW","TRAJ33*01","TRBV30*01","CAWSAIADTDTQYF","TRBJ2-3*01"
"decoy_GILGFVFTL_14","TRAV8-6*01","CAVSHSGGSNYKLTF","TRAJ53*01","TRBV27*01","CASSHFVLGPRGGETQYF","TRBJ2-5*01"
"decoy_GILGFVFTL_15","TRAV19*01","CALSEEQGNTGFQKLVF","TRAJ8*01","TRBV27*01","CASSLGGVDSGANVLTF","TRBJ2-6*01"
"decoy_GILGFVFTL_16","TRAV29/DV5*01","CAAAGRGEIGNMLTF","TRAJ39*01","TRBV9*01","CASSPQAGGELYF","TRBJ2-3*01"
"decoy_GILGFVFTL_17","TRAV1-2*01","CAVRMDSSYKLIF","TRAJ12*01","TRBV7-9*01","CASSFPPGGVGTEKLFF","TRBJ1-4*01"
"decoy_GILGFVFTL_18","TRAV35*02","CAGRGLNDYKLSF","TRAJ20*01","TRBV7-9*03","CASSSRDRVFEAFF","TRBJ1-1*01"
"decoy_GILGFVFTL_19","TRAV12-2*01","CAPFGGGADGLTF","TRAJ45*01","TRBV2*01","CASTRAGTGVNEQFF","TRBJ2-1*01"
"decoy_GILGFVFTL_20","TRAV4*01","CLVGANTGNQFYF","TRAJ49*01","TRBV19*01","CASRSHPRGGSPLHF","TRBJ1-6*02"
"decoy_GILGFVFTL_21","TRAV12-2*01","CAVSGNKLVF","TRAJ47*01","TRBV5-1*01","CASSPAAGGAYEQYF","TRBJ2-7*01"
"decoy_GILGFVFTL_22","TRAV3*01","CAVRAPSEAGTALIF","TRAJ15*01","TRBV27*01","CASSLRGRLSGELFF","TRBJ2-2*01"
"decoy_GILGFVFTL_23","TRAV38-2/DV8*01","CAQFTMNRDDKIIF","TRAJ30*01","TRBV20-1*01","CSARAYGTSTTSTDTQYF","TRBJ2-3*01"
"decoy_GILGFVFTL_24","TRAV12-1*01","CVVNIGSTLTF","TRAJ11*01","TRBV7-3*01","CASSTGGRGEQFF","TRBJ2-1*01"
"decoy_GILGFVFTL_25","TRAV4*01","CLVGDLGNTGFQKLVF","TRAJ8*01","TRBV29-1*01","CSVEEGLQTGELFF","TRBJ2-2*01"
"decoy_GILGFVFTL_26","TRAV38-2/DV8*01","CAYNAGNMLTF","TRAJ39*01","TRBV9*01","CASSGLAGGYYNEQFF","TRBJ2-1*01"
"decoy_GILGFVFTL_27","TRAV4*01","CLVVSGTASKLTF","TRAJ44*01","TRBV5-8*01","CASSGKAGGPIEQYF","TRBJ2-7*01"
"decoy_GILGFVFTL_28","TRAV12-2*01","CAVNSYGKLTF","TRAJ52*01","TRBV2*01","CASSDGTLGNSPLHF","TRBJ1-6*02"
"decoy_GILGFVFTL_29","TRAV29/DV5*01","CAASSSGNTPLVF","TRAJ29*01","TRBV30*01","CAWSWTDYEQYF","TRBJ2-7*01"
"decoy_GILGFVFTL_30","TRAV1-2*01","CAVRDLGDYKLSF","TRAJ20*01","TRBV18*01","CASSPPGGSSYEQYF","TRBJ2-7*01"
"decoy_GLCTLVAML_1","TRAV12-2*01","CAADLGDSSYKLIF","TRAJ12*01","TRBV7-9*01","CASSQGGNEQFF","TRBJ2-1*01"
"decoy_GLCTLVAML_2","TRAV8-4*01","CAVSFFNQAGTALIF","TRAJ15*01","TRBV12-4*01","CASSKKGLSNEQFF","TRBJ2-1*01"
"decoy_GLCTLVAML_3","TRAV22*01","CAEIRDDKIIF","TRAJ30*01","TRBV15*01","CATSRVGQANGYTF","TRBJ1-2*01"
"decoy_GLCTLVAML_4","TRAV1-2*01","CAGRDSNYQLIW","TRAJ33*01","TRBV6-4*01","CASSARANTEAFF","TRBJ1-1*01"
"decoy_GLCTLVAML_5","TRAV14/DV4*01","CAMREASASGGSYIPTF","TRAJ6*01","TRBV28*01","CASSTYRGQPQHF","TRBJ1-5*01"
"decoy_GLCTLVAML_6","TRAV21*01","CAVSDYGQNFVF","TRAJ26*01","TRBV10-2*01","CASSDSGTEAFF","TRBJ1-1*01"
"decoy_GLCTLVAML_7","TRAV1-2*01","CAVMDSNYQLIW","TRAJ33*01","TRBV20-1*01","CSARTGGDTGELFF","TRBJ2-2*01"
"decoy_GLCTLVAML_8","TRAV5*01","CAVLGPGGSYIPTF","TRAJ6*01","TRBV24-1*01","CATSPPPGGLDTDTQYF","TRBJ2-3*01"
"decoy_GLCTLVAML_9","TRAV12-1*01","CVVNAHSGAGSYQLTF","TRAJ28*01","TRBV6-1*01","CASSETGGYEQYF","TRBJ2-7*01"
"decoy_GLCTLVAML_10","TRAV17*01","CATPPGGKLIF","TRAJ23*01","TRBV7-8*01","CASNLRQGAGELFF","TRBJ2-2*01"
"decoy_GLCTLVAML_11","TRAV10*01","CVVSARMDSSYKLIF","TRAJ12*01","TRBV7-9*01","CASSIMDRGPGELFF","TRBJ2-2*01"
"decoy_GLCTLVAML_12","TRAV3*01","CAVRDFLLSGGYNKLIF","TRAJ4*01","TRBV28*01","CASSLIGRDEQFF","TRBJ2-1*01"
"decoy_GLCTLVAML_13","TRAV3*01","CAVSALWDYKLSF","TRAJ20*01","TRBV7-9*03","CASSPDRESNTGELFF","TRBJ2-2*01"
"decoy_GLCTLVAML_14","TRAV12-2*01","CAVKNARLMF","TRAJ31*01","TRBV20-1*01","CSARDLGSGTGELFF","TRBJ2-2*01"
"decoy_GLCTLVAML_15","TRAV4*01","CLVGDSVPRGGNKLVF","TRAJ47*01","TRBV19*01","CASTVEQGAPGELFF","TRBJ2-2*01"
"decoy_GLCTLVAML_16","TRAV27*01","CAGSNSNYQLIW","TRAJ33*01","TRBV12-4*01","CASSIGTVNTEAFF","TRBJ1-1*01"
"decoy_GLCTLVAML_17","TRAV4*01","CLVGDFNSNSGYALNF","TRAJ41*01","TRBV7-2*01","CASKVYGYTF","TRBJ1-2*01"
"decoy_GLCTLVAML_18","TRAV14/DV4*01","CAMREVYGGATNKLIF","TRAJ32*01","TRBV4-3*01","CASRQTSGTYNEQFF","TRBJ2-1*01"
"decoy_GLCTLVAML_19","TRAV19*01","CALRHGGATNKLIF","TRAJ32*01","TRBV7-6*01","CASSLEGIGGYTF","TRBJ1-2*01"
"decoy_GLCTLVAML_20","TRAV14/DV4*01","CAMRLNSGYSTLTF","TRAJ11*01","TRBV2*01","CASSPTSNEQFF","TRBJ2-1*01"
"decoy_GLCTLVAML_21","TRAV20*01","CAVHRGSQGNLIF","TRAJ42*01","TRBV2*01","CASSEFQSPYEQYF","TRBJ2-7*01"
"decoy_GLCTLVAML_22","TRAV17*01","CCATEDSNYQLIWF","TRAJ33*01","TRBV28*01","CASSAGTGPNEKLFF","TRBJ1-4*01"
"decoy_GLCTLVAML_23","TRAV27*01","CAGHLRKTSYDKVIF","TRAJ50*01","TRBV12-3*01","CASSPEGRRMGPTNEKLFF","TRBJ1-4*01"
"decoy_GLCTLVAML_24","TRAV12-2*01","CAVNQGGKLIF","TRAJ23*01","TRBV12-4*01","CASTPSPSRPPLF","TRBJ2-1*01"
"decoy_GLCTLVAML_25","TRAV12-3*01","CATGAGGADGLTF","TRAJ45*01","TRBV6-3*01","CASGEAFF","TRBJ1-1*01"
"decoy_GLCTLVAML_26","TRAV5*01","CAALSPNFGNEKLTF","TRAJ48*01","TRBV13*01","CASSRTGTSYEQYF","TRBJ2-7*01"
"decoy_GLCTLVAML_27","TRAV3*01","CATEGRMDSSYKLIF","TRAJ12*01","TRBV7-9*01","CASSSRDLGEYEQYF","TRBJ2-7*01"
"decoy_GLCTLVAML_28","TRAV27*01","CAGAKTYKYIF","TRAJ40*01","TRBV7-8*01","CASSPASGSNNEQFF","TRBJ2-1*01"
"decoy_GLCTLVAML_29","TRAV13-2*01","CAENILSSSNTGKLIF","TRAJ37*01","TRBV9*01","CASQSAEASTDTQYF","TRBJ2-3*01"
"decoy_GLCTLVAML_30","TRAV38-2/DV8*01","CAYRLLYNFNKFYF","TRAJ21*01","TRBV30*01","CAWAPGYTF","TRBJ1-2*01"
"decoy_HPNGYKSLSTL_1","TRAV1-2*01","CAVRDRGTGGFKTIF","TRAJ9*01","TRBV28*01","CASITKDRAYEQYF","TRBJ2-1*01"
"decoy_HPNGYKSLSTL_2","TRAV29/DV5*01","CAAHNNAGNMLTF","TRAJ39*01","TRBV12-4*01","CASRTRLGRNEQFF","TRBJ2-1*01"
"decoy_HPNGYKSLSTL_3","TRAV1-1*01","CAVRPDRDNYGQNFVF","TRAJ26*01","TRBV28*01","CASSSRGRYEQYF","TRBJ2-7*01"
"decoy_HPNGYKSLSTL_4","TRAV21*01","CAVRPSGNQFYF","TRAJ49*01","TRBV6-5*01","CASRSLSGEQFF","TRBJ2-1*01"
"decoy_HPNGYKSLSTL_5","TRAV19*01","CALLVAGGGADGLTF","TRAJ45*01","TRBV10-2*01","CASSERYEETQYF","TRBJ2-5*01"
"decoy_HPNGYKSLSTL_6","TRAV27*01","CAGAVWNFNKFYF","TRAJ21*01","TRBV3-1*01","CASSPRGRGEDGYTF","TRBJ1-2*01"
"decoy_HPNGYKSLSTL_7","TRAV8-1*01","CAVNEEDTDKLIF","TRAJ34*01","TRBV7-9*01","CASSNLQSYTQYF","TRBJ2-3*01"
"decoy_HPNGYKSLSTL_8","TRAV41*01","CAAVVRGDKIIF","TRAJ30*01","TRBV12-3*01","CASSLTSTRQPQHF","TRBJ1-5*01"
"decoy_HPNGYKSLSTL_9","TRAV3*01","CAVRDDKIIF","TRAJ30*01","TRBV28*01","CASSSSGTSGVYEQYF","TRBJ2-7*01"
"decoy_HPNGYKSLSTL_10","TRAV14/DV4*01","CAMRELDYDKVIF","TRAJ50*01","TRBV7-9*01","CASRTENTNYGYTF","TRBJ1-2*01"
"decoy_HPNGYKSLSTL_11","TRAV16*01","CALENYGGSQGNLIF","TRAJ42*01","TRBV6-5*01","CASSPAGTGGLSYF","TRBJ2-7*01"
"decoy_HPNGYKSLSTL_12","TRAV12-2*01","CAVNLAGGTSYGKLTF","TRAJ52*01","TRBV27*01","CASSFAPGNTIYF","TRBJ1-3*01"
"decoy_HPNGYKSLSTL_13","TRAV14/DV4*01","CAMRGSLGGYIPTF","TRAJ6*01","TRBV7-9*01","CASSLAGNTIYF","TRBJ1-3*01"
"decoy_HPNGYKSLSTL_14","TRAV38-2/DV8*01","CAFMDSNYQLIF","TRDJ2*01","TRBV12-3*01","CASSRTSPTDTQYF","TRBJ2-3*01"
"decoy_HPNGYKSLSTL_15","TRAV12-3*01","CAMSPYNQFYF","TRAJ49*01","TRBV5-1*01","CASTTGTGLINEQFF","TRBJ2-1*01"
"decoy_HPNGYKSLSTL_16","TRAV29/DV5*01","CAASARGSSGDKLTF","TRAJ46*01","TRBV9*01","CASTDGTGVNTGERF","TRBJ2-2*01"
"decoy_HPNGYKSLSTL_17","TRAV19*01","CALEDSNYQLIW","TRAJ33*01","TRBV6-5*01","CASSIGQLHQETQYF","TRBJ2-5*01"
"decoy_HPNGYKSLSTL_18","TRAV1-2*01","CAVRDTGNAGNMLTF","TRAJ39*01","TRBV5-1*01","CASSLLAVDNEQFF","TRBJ2-1*01"
"decoy_HPNGYKSLSTL_19","TRAV13-2*01","CAENMVSNDYKLSF","TRAJ20*01","TRBV9*01","CASSVRRDEANTGELFF","TRBJ2-2*01"
"decoy_HPNGYKSLSTL_20","TRAV21*01","CAVHASGTYKYIF","TRAJ40*01","TRBV7-2*01","CASSLEDTYYGYTF","TRBJ1-2*01"
"decoy_HPNGYKSLSTL_21","TRAV29/DV5*01","CAASAGKFYF","TRAJ21*01","TRBV11-2*01","CASSSGRAGITDTQYF","TRBJ2-3*01"
"decoy_HPNGYKSLSTL_22","TRAV21*01","CAVRGGGGAAGGTSYGKLTF","TRAJ52*01","TRBV19*01","CASYPHSNTGELFF","TRBJ2-2*01"
"decoy_HPNGYKSLSTL_23","TRAV8-4*01","CAVSDSDSGYSTLTF","TRAJ11*01","TRBV6-5*01","CASSFPYQGDTEAFF","TRBJ1-1*01"
"decoy_HPNGYKSLSTL_24","TRAV12-2*01","CAVNNTGNMLTF","TRAJ39*01","TRBV6-5*01","CASKNSQGTGNEQFF","TRBJ2-1*01"
"decoy_HPNGYKSLSTL_25","TRAV8-3*01","CAVGHQAGTALIF","TRAJ15*01","TRBV7-9*01","CASGSTSLSTDTQYF","TRBJ2-3*01"
"decoy_HPNGYKSLSTL_26","TRAV12-1*01","CVVGDSNYQLIW","TRAJ33*01","TRBV12-5*01","CASGPLVGGGLGAYTF","TRBJ1-2*01"
"decoy_HPNGYKSLSTL_27","TRAV21*01","CAVRGGSGTYKYIF","TRAJ40*01","TRBV19*01","CASMVRHANTGELFF","TRBJ2-2*01"
"decoy_HPNGYKSLSTL_28","TRAV2*01","CAALISGGYNKLIF","TRAJ4*01","TRBV15*01","CATSLRTDSYEQYF","TRBJ2-7*01"
"decoy_HPNGYKSLSTL_29","TRAV10*01","CVVSARMDSSYKLIF","TRAJ12*01","TRBV7-9*01","CASSPDSPGAEREQYF","TRBJ2-7*01"
"decoy_HPNGYKSLSTL_30","TRAV35*01","CAGYHIQGGSEKLVF","TRAJ57*01","TRBV28*01","CASSLVGLSYNEQFF","TRBJ2-1*01"
"decoy_KLVALGINAV_1","TRAV12-1*01","CVVRVRTSYGKLTF","TRAJ52*01","TRBV7-8*01","CASSLLAGQETQYF","TRBJ2-5*01"
"decoy_KLVALGINAV_2","TRAV23/DV6*01","CAARGAEEDKIIF","TRAJ30*01","TRBV9*01","CASRDTGELFF","TRBJ2-2*01"
"decoy_KLVALGINAV_3","TRAV8-3*01","CAVGPGSNNDMRF","TRAJ43*01","TRBV20-1*01","CSATRLAGGPTDTQYF","TRBJ2-3*01"
"decoy_KLVALGINAV_4","TRAV5*01","CADLTGGGNKLTF","TRAJ10*01","TRBV25-1*01","CASGGLGEETQYF","TRBJ2-5*01"
"decoy_KLVALGINAV_5","TRAV3*01","CAVDNARLMF","TRAJ31*01","TRBV25-1*01","CASSDGSFNEQFF","TRBJ2-1*01"
"decoy_KLVALGINAV_6","TRAV12-2*01","CAVAAYKYIF","TRAJ40*01","TRBV6-1*01","CASSGGQAYEQYF","TRBJ2-7*01"
"decoy_KLVALGINAV_7","TRAV8-1*01","CAVNRLGWGGSYIPTF","TRAJ6*01","TRBV7-2*01","CASSLGQTEAFF","TRBJ1-1*01"
"decoy_KLVALGINAV_8","TRAV23/DV6*01","CAASYYLPWLDAGNMLTF","TRAJ39*01","TRBV4-2*01","CASSQEAREVVYEQYF","TRBJ2-7*01"
"decoy_KLVALGINAV_9","TRAV41*01","CAVSGGSQGNLIF","TRAJ42*01","TRBV28*01","CASSPPTGWGGYTF","TRBJ1-2*01"
"decoy_KLVALGINAV_10","TRAV21*01","CAVRNLHSGYSTLTF","TRAJ11*01","TRBV7-6*01","CASSLGGGDYEQYF","TRBJ2-7*01"
"decoy_KLVALGINAV_11","TRAV26-2*01","CIPYSFDSGGGADGLTF","TRAJ45*01","TRBV7-9*01","CASSSTGTRGSYEQYF","TRBJ2-7*01"
"decoy_KLVALGINAV_12","TRAV24*01","CAIPVGTSYGKLTF","TRAJ52*01","TRBV18*01","CASSPPPTGPQETQYF","TRBJ2-5*01"
"decoy_KLVALGINAV_13","TRAV14/DV4*01","CAMREYQAGTALIF","TRAJ15*01","TRBV4-2*01","CASTTGDSSNQPQHF","TRBJ1-5*01"
"decoy_KLVALGINAV_14","TRAV16*01","CALFKFGNEKLTF","TRAJ48*01","TRBV4-1*01","CASSQDRLTGFYTF","TRBJ1-2*01"
"decoy_KLVALGINAV_15","TRAV19*01","CALSEGQTGANNLFF","TRAJ36*01","TRBV19*01","CASSWGGLSNQPQHF","TRBJ1-5*01"
"decoy_KLVALGINAV_16","TRAV27*01","CAGLQAQKLVF","TRAJ54*01","TRBV18*01","CASSPPGSKAYGYTF","TRBJ1-2*01"
"decoy_KLVALGINAV_17","TRAV12-2*01","CAVSPSGNTPLVF","TRAJ29*01","TRBV11-1*01","CASRGTHYGYTF","TRBJ1-2*01"
"decoy_KLVALGINAV_18","TRAV19*01","CALSEGSGGGADGLTF","TRAJ45*01","TRBV7-2*01","CASSLTSYLYNEQFF","TRBJ2-1*01"
"decoy_KLVALGINAV_19","TRAV12-2*01","CALNTGGFKTIF","TRAJ9*01","TRBV4-2*01","CASSQETSGGASQFF","TRBJ2-1*01"
"decoy_KLVALGINAV_20","TRAV26-1*01","CIVRVGNTGNQFYF","TRAJ49*01","TRBV2*01","CASSDRFWEQYF","TRBJ2-7*01"
"decoy_KLVALGINAV_21","TRAV27*01","CAGARAGGTSYGKLTF","TRAJ52*01","TRBV27*01","CASSLGLAPGYEQYF","TRBJ2-7*01"
"decoy_KLVALGINAV_22","TRAV19*01","CALSGFYNTDKLIF","TRAJ34*01","TRBV5-6*01","CASSKLGTSEETQYF","TRBJ2-5*01"
"decoy_KLVALGINAV_23","TRAV16*01","CALPSGGYQKVTF","TRAJ13*01","TRBV6-5*01","CASSYEGAGYGYTF","TRBJ1-2*01"
"decoy_KLVALGINAV_24","TRAV12-2*01","CAVKGGGADGLTF","TRAJ45*01","TRBV4-2*01","CASSQGAFSVEQYF","TRBJ2-7*01"
"decoy_KLVALGINAV_25","TRAV13-2*01","CAEKDDKIIF","TRAJ30*01","TRBV14*01","CASSFQGLGTEAFF","TRBJ1-1*01"
"decoy_KLVALGINAV_26","TRAV8-4*01","CAVSGAGSYQLTF","TRAJ28*01","TRBV14*01","CASSQVGTEAFF","TRBJ1-1*01"
"decoy_KLVALGINAV_27","TRAV38-1*01","CAFMKPFHTGNQFYF","TRAJ49*01","TRBV5-1*01","CASSPDGTGSGNTIYF","TRBJ1-3*01"
"decoy_KLVALGINAV_28","TRAV1-2*01","CAVQASGGSYIPTF","TRAJ6*01","TRBV10-3*01","CATGTGDSNQPQHF","TRBJ1-5*01"
"decoy_KLVALGINAV_29","TRAV8-1*01","CALNTGGFKTIF","TRAJ9*01","TRBV27*01","CASSLFPDNYGYTF","TRBJ1-2*01"
"decoy_KLVALGINAV_30","TRAV39*01","CAPTNAGGTSYGKLTF","TRAJ52*01","TRBV4-1*01","CASSQDRFGATAFF","TRBJ1-1*01"
"decoy_NLVPMVATV_1","TRAV12-2*01","CAKGGSGYSTLTF","TRAJ11*01","TRBV4-3*01","CASSQEPGGAGGYTF","TRBJ1-2*01"
"decoy_NLVPMVATV_2","TRAV17*01","CATGSGYALNF","TRAJ41*01","TRBV27*01","CASSAYNEQFF","TRBJ2-1*01"
"decoy_NLVPMVATV_3","TRAV19*01","CALSGNKLVF","TRAJ47*01","TRBV6-5*01","CASSTVGSSGNTIYF","TRBJ1-3*01"
"decoy_NLVPMVATV_4","TRAV3*01","CAILTSYDKVIF","TRAJ50*01","TRBV24-1*01","CATSDRGTSVAEQFF","TRBJ2-1*01"
"decoy_NLVPMVATV_5","TRAV12-2*01","CAVPDDAGNMLTF","TRAJ39*01","TRBV10-2*02","CASSELPAGGTNEQFF","TRBJ2-1*01"
"decoy_NLVPMVATV_6","TRAV41*01","CAGCNFGNEKLTF","TRAJ48*01","TRBV10-3*01","CAISGPEDYYEQYF","TRBJ2-7*01"
"decoy_NLVPMVATV_7","TRAV8-2*01","CVVSDQYNFNKFYF","TRAJ21*01","TRBV7-3*01","CASSLGTGGTEAFF","TRBJ1-1*01"
"decoy_NLVPMVATV_8","TRAV8-1*01","CAVKDTGKLIF","TRAJ37*01","TRBV19*01","CASSSLLQGVDYGYTF","TRBJ1-2*01"
"decoy_NLVPMVATV_9","TRAV41*01","CAVSLNFGNEKLTF","TRAJ48*01","TRBV7-2*01","CASSWGDYNEQFF","TRBJ2-1*01"
"decoy_NLVPMVATV_10","TRAV17*01","CATDAYGNNRLAF","TRAJ7*01","TRBV7-3*01","CASSLAGAGTEAFF","TRBJ1-1*01"
"decoy_NLVPMVATV_11","TRAV20*01","CAALANQAGTALIF","TRAJ15*01","TRBV5-4*01","CASSLEGDTEAFF","TRBJ1-1*01"
"decoy_NLVPMVATV_12","TRAV19*01","CALNNNDMRF","TRAJ43*01","TRBV19*01","CACSSRDWYQETQYF","TRBJ2-5*01"
"decoy_NLVPMVATV_13","TRAV1-2*01","CAVSNQAGTALIF","TRAJ15*01","TRBV9*01","CASSGQGVVETQYF","TRBJ2-5*01"
"decoy_NLVPMVATV_14","TRAV3*01","CAVREGGSSNTGKLIF","TRAJ37*01","TRBV7-9*01","CASSPPLAGGYEQYF","TRBJ2-7*01"
"decoy_NLVPMVATV_15","TRAV4*01","CLVGDLYTGGFKTIF","TRAJ9*01","TRBV28*01","CASQAGVFTDTQYF","TRBJ2-3*01"
"decoy_NLVPMVATV_16","TRAV12-2*01","CAPSGGKLIF","TRAJ23*01","TRBV20-1*01","CSASGDRGADTQYF","TRBJ2-3*01"
"decoy_NLVPMVATV_17","TRAV14/DV4*01","CAMRSSGGSNYKLTF","TRAJ53*01","TRBV28*01","CASSLYGATYNEQFF","TRBJ2-1*01"
"decoy_NLVPMVATV_18","TRAV8-4*01","CAVSSISSGSARQLTF","TRAJ22*01","TRBV12-4*01","CASSPNQGPDTGELFF","TRBJ2-2*01"
"decoy_NLVPMVATV_19","TRAV2*01","CAALISGGYNKLIF","TRAJ4*01","TRBV15*01","CATSLRTDSYEQYF","TRBJ2-7*01"
"decoy_NLVPMVATV_20","TRAV14/DV4*01","CAMREKPGGYQKVTF","TRAJ13*01","TRBV19*01","CASSLSRRRSRDDNEQFF","TRBJ2-1*01"
"decoy_NLVPMVATV_21","TRAV14/DV4*01","CAMREGDVGAGNNRKLIW","TRAJ38*01","TRBV25-1*01","CASSVEIQDEQYF","TRBJ2-7*01"
"decoy_NLVPMVATV_22","TRAV10*01","CVVSARNNAGNMLTF","TRAJ39*01","TRBV6-6*01","CASSSATGHLTQPQHF","TRBJ1-5*01"
"decoy_NLVPMVATV_23","TRAV3*01","CAVRDMRNYGQNFVF","TRAJ26*01","TRBV20-1*01","CSAREGTSGGASYNEQFF","TRBJ2-1*01"
"decoy_NLVPMVATV_24","TRAV4*01","CLIPGVSGNTPLVF","TRAJ29*01","TRBV15*01","CATSVTGDPNTEAFF","TRBJ1-1*01"
"decoy_NLVPMVATV_25","TRAV3*01","CAVRDFGDFNKFYF","TRAJ21*01","TRBV19*01","CASSQQGANEQYF","TRBJ2-7*01"
"decoy_NLVPMVATV_26","TRAV12-2*01","CAVRQAGTALIF","TRAJ15*01","TRBV27*01","CASSSVDNQPQHF","TRBJ1-5*01"
"decoy_NLVPMVATV_27","TRAV1-2*01","CAVREGLDTGRRALTF","TRAJ5*01","TRBV7-2*01","CASSLLDRGFQPQHF","TRBJ1-5*01"
"decoy_NLVPMVATV_28","TRAV25*01","CAGARNDYKLSF","TRAJ20*01","TRBV15*01","CATSRDGAGLVNQPQHF","TRBJ1-5*01"
"decoy_NLVPMVATV_29","TRAV39*01","CAVWAGKSTF","TRAJ27*01","TRBV12-3*01","CASSTGSYEQYF","TRBJ2-7*01"
"decoy_NLVPMVATV_30","TRAV29/DV5*01","CAASPSGAGNMLTF","TRAJ39*01","TRBV28*01","CASSQLTTGTFTGELFF","TRBJ2-2*01"
"decoy_QMMVKAGL_1","TRAV18*01","CALRGLSGSARQLTF","TRAJ22*01","TRBV12-3*01","CASSLPGQMIRWDTEAFF","TRBJ1-1*01"
"decoy_QMMVKAGL_2","TRAV17*01","CAKNAVDGQNFVF","TRAJ26*01","TRBV14*01","CASSQEPGQVYF","TRBJ1-3*01"
"decoy_QMMVKAGL_3","TRAV21*01","CAAQDNYGQNFVF","TRAJ26*01","TRBV11-1*01","CASSLAVSSYNEQFF","TRBJ2-1*01"
"decoy_QMMVKAGL_4","TRAV12-2*01","CAVIDKLIF","TRAJ34*01","TRBV6-3*01","CASSTGFGSPLHF","TRBJ1-6*01"
"decoy_QMMVKAGL_5","TRAV27*01","CAGPLYSGAGSYQLTF","TRAJ28*01","TRBV24-1*01","CATSDLGGLTGELFF","TRBJ2-2*01"
"decoy_QMMVKAGL_6","TRAV12-2*01","CAVGNYQLIW","TRAJ33*01","TRBV9*01","CASSDLAGGTDTQYF","TRBJ2-3*01"
"decoy_QMMVKAGL_7","TRAV12-2*01","CALNPFNAGNMLTF","TRAJ39*01","TRBV20-1*01","CSARVGDTGELFF","TRBJ2-2*01"
"decoy_QMMVKAGL_8","TRAV12-2*01","CAVRGGGSNDMRF","TRAJ43*01","TRBV2*01","CASSSGTNEKLFF","TRBJ1-4*01"
"decoy_QMMVKAGL_9","TRAV26-2*01","CILNDYKLSF","TRAJ20*01","TRBV4-1*01","CASSGQQGQGVEKLFF","TRBJ1-4*01"
"decoy_QMMVKAGL_10","TRAV12-2*01","CAVSGTYKYIF","TRAJ40*01","TRBV4-3*01","CASSQGTSGNEQFF","TRBJ2-1*01"
"decoy_QMMVKAGL_11","TRAV27*01","CAGADSGGSNYKLTF","TRAJ53*01","TRBV6-5*01","CASSRQGGNYGYTF","TRBJ1-2*01"
"decoy_QMMVKAGL_12","TRAV19*01","CALLGGFSGTYKYIF","TRAJ40*01","TRBV28*01","CASSALAGGPDNEQFF","TRBJ2-1*01"
"decoy_QMMVKAGL_13","TRAV21*01","CAVPLSNDYKLSF","TRAJ20*01","TRBV19*01","CASSRQGENIQYF","TRBJ2-4*01"
"decoy_QMMVKAGL_14","TRAV12-2*02","CAVTTDSWGKLQF","TRAJ24*02","TRBV6-5*01","CASRPGLASGRPEQYF","TRBJ2-7*01"
"decoy_QMMVKAGL_15","TRAV13-1*01","CAASIRGSQGNLIF","TRAJ42*01","TRBV12-4*01","CASSFLGPEGEKLFF","TRBJ1-4*01"
"decoy_QMMVKAGL_16","TRAV35*01","CAGQLRWQGGSEKLVF","TRAJ57*01","TRBV13*01","CASSTGQGARETQYF","TRBJ2-5*01"
"decoy_QMMVKAGL_17","TRAV19*01","CALSEAERDDKIIF","TRAJ30*01","TRBV28*01","CASSPIELVTYNEQFF","TRBJ2-1*01"
"decoy_QMMVKAGL_18","TRAV27*01","CAGDNNYGQNFVF","TRAJ26*01","TRBV7-8*01","CASSLRRGISASYEQYF","TRBJ2-7*01"
"decoy_QMMVKAGL_19","TRAV1-2*01","CAVRDF","TRAJ20*01","TRBV7-9*03","CASSFRDSVPETQYF","TRBJ2-5*01"
"decoy_QMMVKAGL_20","TRAV22*01","CAPREGDDKIIF","TRAJ30*01","TRBV27*01","CASGSTEQYF","TRBJ2-7*01"
"decoy_QMMVKAGL_21","TRAV8-1*01","CAVSHFMDSSYKLIF","TRAJ12*01","TRBV4-3*01","CASSQDYNEQFF","TRBJ2-1*01"
"decoy_QMMVKAGL_22","TRAV8-4*01","CAVIPNTGGFKTIF","TRAJ9*01","TRBV11-2*01","CASSLGRQIGYEQYF","TRBJ2-7*01"
"decoy_QMMVKAGL_23","TRAV41*01","CAVLNYGGSQGNLIF","TRAJ42*01","TRBV5-6*01","CASKVWGGLEPEAFF","TRBJ1-1*01"
"decoy_QMMVKAGL_24","TRAV12-2*01","CAVGDDKIIF","TRAJ30*01","TRBV20-1*01","CSAPASGGGNEQFF","TRBJ2-1*01"
"decoy_QMMVKAGL_25","TRAV23/DV6*01","CAARGAEEDKIIF","TRAJ30*01","TRBV9*01","CASRDTGELFF","TRBJ2-2*01"
"decoy_QMMVKAGL_26","TRAV4*01","CLVGSVGAGSYQLTF","TRAJ28*01","TRBV5-1*01","CATRIGWGTDTQYF","TRBJ2-3*01"
"decoy_QMMVKAGL_27","TRAV20*01","CAVQAEGGGSQGNLIF","TRAJ42*01","TRBV19*01","CASSIALASEQFF","TRBJ2-1*01"
"decoy_QMMVKAGL_28","TRAV12-1*01","CVANFGNEKLTF","TRAJ48*01","TRBV2*01","CASSDQWGQGPYF","TRBJ2-7*01"
"decoy_QMMVKAGL_29","TRAV8-6*01","CAVYSGGSQGNLIF","TRAJ42*01","TRBV12-3*01","CASSPTPSGVNTGELFF","TRBJ2-2*01"
"decoy_QMMVKAGL_30","TRAV12-1*01","CVVPAGWDAGNMLTF","TRAJ39*01","TRBV10-2*01","CASSEQTGSYGYTF","TRBJ1-2*01"
"decoy_QYIKWPWYI_1","TRAV19*01","CALSLDGNQFYF","TRAJ49*01","TRBV27*01","CASRLGESSYNEQFF","TRBJ2-1*01"
"decoy_QYIKWPWYI_2","TRAV8-1*01","CAVLVGGSTLGRLYF","TRAJ18*01","TRBV5-1*01","CASSSSGYNEQFF","TRBJ2-1*01"
"decoy_QYIKWPWYI_3","TRAV20*01","CAVALYNNNDMRF","TRAJ43*01","TRBV19*01","CASSGDRGNTLYF","TRBJ1-3*01"
"decoy_QYIKWPWYI_4","TRAV38-1*01","CAYGLYGGSQGNLIF","TRAJ42*01","TRBV10-2*01","CASSELGWREKVEQFF","TRBJ2-1*01"
"decoy_QYIKWPWYI_5","TRAV9-2*01","CALIYSSASKIIF","TRAJ3*01","TRBV6-5*01","CASSPFSGGTYNEQFF","TRBJ2-1*01"
"decoy_QYIKWPWYI_6","TRAV12-1*01","CVVNSGSARQLTF","TRAJ22*01","TRBV7-9*01","CASSPSAGRGLGYTF","TRBJ1-2*01"
"decoy_QYIKWPWYI_7","TRAV17*01","CATVNSGGYQKVTF","TRAJ13*01","TRBV27*01","CASSLSPLDNPSYEQYF","TRBJ2-7*01"
"decoy_QYIKWPWYI_8","TRAV3*01","CAVKGNYGQNFVF","TRAJ26*01","TRBV20-1*01","CSAEWDRAYNEQFF","TRBJ2-1*01"
"decoy_QYIKWPWYI_9","TRAV12-2*01","CAVKVSNQFYF","TRAJ49*01","TRBV20-1*01","CSAEQGNTEAFF","TRBJ1-1*01"
"decoy_QYIKWPWYI_10","TRAV12-2*01","CAVGGGKLIF","TRAJ37*01","TRBV6-1*01","CASSEAVLGGNSYEQYF","TRBJ2-7*01"
"decoy_QYIKWPWYI_11","TRAV29/DV5*01","CAASAHAGNMLTF","TRAJ39*01","TRBV29-1*01","CSASDGTGSNYGYTF","TRBJ1-2*01"
"decoy_QYIKWPWYI_12","TRAV8-2*01","CVVSFSGNTPLVF","TRAJ29*01","TRBV7-9*03","CASSSSYSNQPQHF","TRBJ1-5*01"
"decoy_QYIKWPWYI_13","TRAV9-2*01","CALRGYNQGGKLIF","TRAJ23*01","TRBV4-3*01","CASSRDRGISTTEAFF","TRBJ1-1*01"
"decoy_QYIKWPWYI_14","TRAV3*01","CAVRVLISSGSARQLTF","TRAJ22*01","TRBV7-9*01","CASSLGSSNQPQHF","TRBJ1-5*01"
"decoy_QYIKWPWYI_15","TRAV12-1*01","CVVATYSGGGADGLTF","TRAJ45*01","TRBV19*01","CASSIIAGSSYNEQFF","TRBJ2-1*01"
"decoy_QYIKWPWYI_16","TRAV17*01","CATAVQGGSEKLVF","TRAJ57*01","TRBV10-3*01","CAISVSVVRDSEAFF","TRBJ1-1*01"
"decoy_QYIKWPWYI_17","TRAV8-1*01","CAVINSGNTPLVF","TRAJ29*01","TRBV11-3*01","CASSLGGAEAFF","TRBJ1-1*01"
"decoy_QYIKWPWYI_18","TRAV12-2*01","CAVNMWGKLIF","TRAJ23*01","TRBV20-1*01","CSARDLIGSQETQYF","TRBJ2-5*01"
"decoy_QYIKWPWYI_19","TRAV13-1*01","CAATTLVGNQFYF","TRAJ49*01","TRBV24-1*01","CATSPTGLNTEAFF","TRBJ1-1*01"
"decoy_QYIKWPWYI_20","TRAV12-2*01","CAVNRSSYGKLTF","TRAJ52*01","TRBV6-5*01","CASNPGLAGGPHEQYF","TRBJ2-7*01"
"decoy_QYIKWPWYI_21","TRAV12-1*01","CVVNILRGSSYKLIF","TRAJ12*01","TRBV2*01","CASSHTGGYEQFF","TRBJ2-1*01"
"decoy_QYIKWPWYI_22","TRAV13-2*01","CADIPNSGNTPLVF","TRAJ29*01","TRBV7-9*01","CASSLGPADTQYF","TRBJ2-3*01"
"decoy_QYIKWPWYI_23","TRAV12-2*01","CAVKNNDMRF","TRAJ43*01","TRBV4-1*01","CASSQDGLLGELFF","TRBJ2-2*01"
"decoy_QYIKWPWYI_24","TRAV12-2*01","CAAGAGSYQLTF","TRAJ28*01","TRBV6-3*01","CASSQGQGQPQHF","TRBJ1-5*01"
"decoy_QYIKWPWYI_25","TRAV29/DV5*01","CAASAGGSQGNLIF","TRAJ42*01","TRBV3-1*01","CASSQDLGEETQYF","TRBJ2-5*01"
"decoy_QYIKWPWYI_26","TRAV38-1*01","CAYTSGTYKYIF","TRAJ40*01","TRBV15*01","CATSPGQGFYNEQFF","TRBJ2-1*01"
"decoy_QYIKWPWYI_27","TRAV8-2*01","CVVSAHWWNTPLVF","TRAJ29*01","TRBV10-3*01","CAIKVTENTEAFF","TRBJ1-1*01"
"decoy_QYIKWPWYI_28","TRAV19*01","CALGYDKIIF","TRAJ30*01","TRBV7-9*01","CASSFPSGGGEKLFF","TRBJ1-4*01"
"decoy_QYIKWPWYI_29","TRAV27*01","CAGASAGGTSYGKLTF","TRAJ52*01","TRBV19*01","CASSILISMSTEAFF","TRBJ1-1*01"
"decoy_QYIKWPWYI_30","TRAV35*01","CAGPIGTSYDKVIF","TRAJ50*01","TRBV12-4*01","CASSSAHYGYTF","TRBJ1-2*01"
"decoy_RFPLTFGWCF_1","TRAV12-3*01","CAILDLAQGAQKLVF","TRAJ54*01","TRBV6-2*01","CASSYPHQNSEAFF","TRBJ1-1*01"
"decoy_RFPLTFGWCF_2","TRAV14/DV4*01","CAMRAFMIKAAGNKLTF","TRAJ17*01","TRBV19*01","CASSPDGLTENTEAFF","TRBJ1-1*01"
"decoy_RFPLTFGWCF_3","TRAV12-2*01","CAVGGGKLIF","TRAJ37*01","TRBV6-1*01","CASSEAVLGGNSYEQYF","TRBJ2-7*01"
"decoy_RFPLTFGWCF_4","TRAV1-2*01","CAVRRRGQGGKLIF","TRAJ23*01","TRBV4-1*01","CASSQLEGGPSSYEQYF","TRBJ2-7*01"
"decoy_RFPLTFGWCF_5","TRAV38-1*01","CAFMKFVGDNDMRF","TRAJ43*01","TRBV7-9*03","CASSLVDNYGYTF","TRBJ1-2*01"
"decoy_RFPLTFGWCF_6","TRAV12-2*01","CAVHLNAGGTSYGKLTF","TRAJ52*01","TRBV19*01","CASSIWGISGQPQHF","TRBJ1-5*01"
"decoy_RFPLTFGWCF_7","TRAV38-1*01","CAGGGGADGLTF","TRAJ45*01","TRBV6-3*01","CASSYMGPEAFF","TRBJ1-1*01"
"decoy_RFPLTFGWCF_8","TRAV16*01","CALSKNNNDMRF","TRAJ43*01","TRBV20-1*01","CSARDFDLTGELFF","TRBJ2-2*01"
"decoy_RFPLTFGWCF_9","TRAV29/DV5*01","CAAQDSGGSNYKLTF","TRAJ53*01","TRBV19*01","CASSTYMTNTEAFF","TRBJ1-1*01"
"decoy_RFPLTFGWCF_10","TRAV26-2*01","CILSATTSGTYKYIF","TRAJ40*01","TRBV3-1*01","CASSLLLAGGYQETQYF","TRBJ2-5*01"
"decoy_RFPLTFGWCF_11","TRAV13-1*01","CAASFTNFGNEKLTF","TRAJ48*01","TRBV20-1*01","CSATPSLGPEQPQHF","TRBJ1-5*01"
"decoy_RFPLTFGWCF_12","TRAV12-2*01","CAVNNNNDMRF","TRAJ43*01","TRBV20-1*01","CSGSQDPYEQYF","TRBJ2-7*01"
"decoy_RFPLTFGWCF_13","TRAV8-4*01","CAVTPGDYKLSF","TRAJ20*01","TRBV24-1*01","CATSDGTAGNQPQHF","TRBJ1-5*01"
"decoy_RFPLTFGWCF_14","TRAV1-2*01","CAVPPPPPNDYKLSF","TRAJ20*01","TRBV11-2*01","CASSLAGGQVNTEAFF","TRBJ1-1*01"
"decoy_RFPLTFGWCF_15","TRAV29/DV5*01","CAATFTGTASKLTF","TRAJ44*01","TRBV7-3*01","CASSPGESTDTQYF","TRBJ2-3*01"
"decoy_RFPLTFGWCF_16","TRAV38-2/DV8*01","CAYRSFYGGSQGNLIF","TRAJ42*01","TRBV30*01","CAWSVIASGRFPDTQYF","TRBJ2-3*01"
"decoy_RFPLTFGWCF_17","TRAV35*01","CAALHLMDSNYQLIW","TRAJ33*01","TRBV27*01","CASSFPGQGNTQYF","TRBJ2-3*01"
"decoy_RFPLTFGWCF_18","TRAV3*01","CAVRDDKIIF","TRAJ30*01","TRBV20-1*01","CSGGDGNTIYF","TRBJ1-3*01"
"decoy_RFPLTFGWCF_19","TRAV8-3*01","CAVGALGLTGGGNKLTF","TRAJ10*01","TRBV7-2*01","CASSLAPSPDTQYF","TRBJ2-3*01"
"decoy_RFPLTFGWCF_20","TRAV25*01","CAGRGTSYGKLTF","TRAJ52*01","TRBV25-1*01","CASFGGTGELFF","TRBJ2-2*01"
"decoy_RFPLTFGWCF_21","TRAV38-2/DV8*01","CACPWGGADGLTF","TRAJ45*01","TRBV27*01","CASSWGTAYNSPLHF","TRBJ1-6*01"
"decoy_RFPLTFGWCF_22","TRAV13-1*01","CAGRRGYGQNFVF","TRAJ26*01","TRBV7-9*01","CASSSGQGFFYEQYF","TRBJ2-7*01"
"decoy_RFPLTFGWCF_23","TRAV27*01","CAGALDSGYALNF","TRAJ41*01","TRBV5-6*01","CASSLETANTEAFF","TRBJ1-1*01"
"decoy_RFPLTFGWCF_24","TRAV38-2/DV8*01","CAYRPVRYGGATNKLIF","TRAJ32*01","TRBV20-1*01","CSASPEWPENTEAFF","TRBJ1-1*01"
"decoy_RFPLTFGWCF_25","TRAV1-1*01","CASAGSNYQLIW","TRAJ33*01","TRBV20-1*01","CSARDPLAGIDTGELFF","TRBJ2-2*01"
"decoy_RFPLTFGWCF_26","TRAV19*01","CALSHNSGGSNYKLTF","TRAJ53*01","TRBV5-4*01","CASSFRGGKTQYF","TRBJ2-5*01"
"decoy_RFPLTFGWCF_27","TRAV30*01","CGTETNFNKFYF","TRAJ21*01","TRBV11-2*01","CASSLSGTSGTGSTDTQYF","TRBJ2-3*01"
"decoy_RFPLTFGWCF_28","TRAV27*01","CAIPQKAAGNKLTF","TRAJ17*01","TRBV28*01","CASSFPQFVTGLPEAFF","TRBJ1-1*01"
"decoy_RFPLTFGWCF_29","TRAV12-2*01","CAVNIRGGSYIPTF","TRAJ6*01","TRBV6-5*01","CASSYQDTRGLSPGELFF","TRBJ2-2*01"
"decoy_RFPLTFGWCF_30","TRAV21*01","CAVGSGYALNF","TRAJ41*01","TRBV7-9*01","CASSPRDSLYEQYF","TRBJ2-7*01"
"decoy_RPIIRPATL_1","TRAV12-1*01","CVVNIGSTLTF","TRAJ11*01","TRBV7-3*01","CASSTGGRGEQFF","TRBJ2-1*01"
"decoy_RPIIRPATL_2","TRAV34*01","CGADFLMNRDDKIIF","TRAJ30*01","TRBV12-3*01","CASRAVINTDTQYF","TRBJ2-3*01"
"decoy_RPIIRPATL_3","TRAV38-2/DV8*01","CAYRSAGGGTSYGKLTF","TRAJ52*01","TRBV2*01","CASSPGTGGNEQYF","TRBJ2-7*01"
"decoy_RPIIRPATL_4","TRAV19*01","CALSAPIGGNKLTF","TRAJ17*01","TRBV12-4*01","CASSADGQGVGEQFF","TRBJ2-1*01"
"decoy_RPIIRPATL_5","TRAV2*01","CAVEYARLMF","TRAJ31*01","TRBV20-1*01","CSARVQGLNTEAFF","TRBJ1-1*01"
"decoy_RPIIRPATL_6","TRAV38-2/DV8*01","CAYRSAHTDKLIF","TRAJ34*01","TRBV15*01","CATSRENLEGTEAFF","TRBJ1-1*01"
"decoy_RPIIRPATL_7","TRAV12-2*01","CAAPGGSQGNLIF","TRAJ42*01","TRBV24-1*01","CATSGALAGGRTDTQYF","TRBJ2-3*01"
"decoy_RPIIRPATL_8","TRAV19*01","CALSEATGTASKLTF","TRAJ44*01","TRBV7-9*01","CASRYERTGKIDEQYF","TRBJ2-7*01"
"decoy_RPIIRPATL_9","TRAV14/DV4*01","CAMRELDYDKVIF","TRAJ50*01","TRBV7-9*01","CASRTENTNYGYTF","TRBJ1-2*01"
"decoy_RPIIRPATL_10","TRAV12-2*01","CAVNESGGGADGLTF","TRAJ45*01","TRBV27*01","CASSQQGLGQPQHF","TRBJ1-5*01"
"decoy_RPIIRPATL_11","TRAV16*01","CALSAQSTGTYKYIF","TRAJ40*01","TRBV6-5*01","CASSPGGVRVQPQHF","TRBJ1-5*01"
"decoy_RPIIRPATL_12","TRAV8-2*01","CVVSVTGTASKLTF","TRAJ44*01","TRBV7-9*01","CASSPGTGDLETQYF","TRBJ2-5*01"
"decoy_RPIIRPATL_13","TRAV13-1*01","CAPRGERGSTLGRLYF","TRAJ18*01","TRBV10-1*01","CASRFSPGENTEAFF","TRBJ1-1*01"
"decoy_RPIIRPATL_14","TRAV20*01","CAVQDWVGGGNKLTF","TRAJ10*01","TRBV28*01","CASSLPLRASNYGYTF","TRBJ1-2*01"
"decoy_RPIIRPATL_15","TRAV12-2*02","CAVNDQGGGADGLTF","TRAJ45*01","TRBV6-2*01","CASSWWDTGELFF","TRBJ2-2*01"
"decoy_RPIIRPATL_16","TRAV12-2*01","CAVCGSNFGNEKLTF","TRAJ48*01","TRBV19*01","CASSRQNTGELFF","TRBJ2-2*01"
"decoy_RPIIRPATL_17","TRAV12-2*01","CAFDNARLMF","TRAJ31*01","TRBV11-2*01","CASSSWTGMNTEAFF","TRBJ1-1*01"
"decoy_RPIIRPATL_18","TRAV4*01","CLVGETNAGKSTF","TRAJ27*01","TRBV20-1*01","CSAGESTPEAFF","TRBJ1-1*01"
"decoy_RPIIRPATL_19","TRAV12-2*01","CAVGDDKIIF","TRAJ30*01","TRBV10-3*01","CAISESPSGALGQFF","TRBJ2-1*01"
"decoy_RPIIRPATL_20","TRAV21*01","CAVRGGGGAAGGTSYGKLTF","TRAJ52*01","TRBV19*01","CASYPHSNTGELFF","TRBJ2-2*01"
"decoy_RPIIRPATL_21","TRAV12-2*01","CAVPYSGGGADGLTF","TRAJ45*01","TRBV25-1*01","CASSPHPGTGGYEQYF","TRBJ2-7*01"
"decoy_RPIIRPATL_22","TRAV12-2*01","CAPSGGGADGLTF","TRAJ45*01","TRBV28*01","CASSPIGYTEAFF","TRBJ1-1*01"
"decoy_RPIIRPATL_23","TRAV9-2*01","CALGDSNDYKLSF","TRAJ20*01","TRBV7-2*01","CASSLSSQNNEKLFF","TRBJ1-4*01"
"decoy_RPIIRPATL_24","TRAV40*01","CLLMEYGNKLVF","TRAJ47*01","TRBV6-5*01","CASQSYRVGSEQYF","TRBJ2-7*01"
"decoy_RPIIRPATL_25","TRAV21*01","CAVRPTGGFKTIF","TRAJ9*01","TRBV11-2*01","CASSPSGQLEKLFF","TRBJ1-4*01"
"decoy_RPIIRPATL_26","TRAV12-3*01","CAMSSLSGNTGKLIF","TRAJ37*01","TRBV6-5*01","CASSYSWGAGYEQYF","TRBJ2-7*01"
"decoy_RPIIRPATL_27","TRAV13-1*01","CAASQKSSGDKLTF","TRAJ46*01","TRBV11-2*01","CASSWGTDGYTF","TRBJ1-2*01"
"decoy_RPIIRPATL_28","TRAV13-1*01","CAASIWSNDYKLSF","TRAJ20*01","TRBV5-5*01","CASSSESTDTQYF","TRBJ2-3*01"
"decoy_RPIIRPATL_29","TRAV12-2*01","CAVNDNARLRF","TRAJ31*01","TRBV14*01","CASSHAGLGVEQYF","TRBJ2-7*01"
"decoy_RPIIRPATL_30","TRAV25*01","CAGLVLSGTYKYIF","TRAJ40*01","TRBV11-2*01","CASSLVAGTGGVEYEQYF","TRBJ2-7*01"
"decoy_SPRWYFYYL_1","TRAV12-2*01","CAVNSGYALNF","TRAJ41*01","TRBV12-3*01","CASSLSGGSDEQFF","TRBJ2-1*01"
"decoy_SPRWYFYYL_2","TRAV22*01","CAVVSGAGSYQLTF","TRAJ28*01","TRBV20-1*01","CSALTSYNEQFF","TRBJ2-1*01"
"decoy_SPRWYFYYL_3","TRAV38-1*01","CAFMKLSTTSGTYKYIF","TRAJ40*01","TRBV7-6*01","CASSLAGGSYEQYF","TRBJ2-7*01"
"decoy_SPRWYFYYL_4","TRAV38-2/DV8*01","CASTSGTYKYIF","TRAJ40*01","TRBV4-1*01","CASSQEAGLGYEKLFF","TRBJ1-4*01"
"decoy_SPRWYFYYL_5","TRAV1-1*01","CAVRGVSGNTGKLIF","TRAJ37*01","TRBV27*01","CASSLSLSTSSNEQFF","TRBJ2-1*01"
"decoy_SPRWYFYYL_6","TRAV12-2*01","CAVRNGQNFVF","TRAJ26*01","TRBV7-6*01","CASSLDPDRVSYEQYF","TRBJ2-7*01"
"decoy_SPRWYFYYL_7","TRAV12-2*01","CAANDYKLSF","TRAJ20*01","TRBV14*01","CASSPTGLNGYTF","TRBJ1-2*01"
"decoy_SPRWYFYYL_8","TRAV12-2*01","CAVNRDAGGTSYGKLTF","TRAJ52*01","TRBV6-2*01","CASALSWEGLAESYEQYF","TRBJ2-7*01"
"decoy_SPRWYFYYL_9","TRAV13-2*01","CAEYIQGAQKLVF","TRAJ54*01","TRBV4-3*01","CASSQEDNEQFF","TRBJ2-1*01"
"decoy_SPRWYFYYL_10","TRAV12-2*01","CAVNSGNQFYF","TRAJ49*01","TRBV12-3*01","CASSLGDVDEYF","TRBJ2-7*01"
"decoy_SPRWYFYYL_11","TRAV12-3*01","CAISTGNQFYF","TRAJ49*01","TRBV4-2*01","CASSQGAGGLVFYEQYF","TRBJ2-7*01"
"decoy_SPRWYFYYL_12","TRAV25*01","CCAGMDSSYKLIFGF","TRAJ12*01","TRBV11-1*01","CCASSFQTGWNEQFFGF","TRBJ2-1*01"
"decoy_SPRWYFYYL_13","TRAV17*01","CATDARGTSYGKLTF","TRAJ52*01","TRBV6-2*01","CASSYLTGADGYTF","TRBJ1-2*01"
"decoy_SPRWYFYYL_14","TRAV12-2*01","CAVDTGGGADGLTF","TRAJ45*01","TRBV2*01","CARGQDAANTGELFF","TRBJ2-2*01"
"decoy_SPRWYFYYL_15","TRAV4*01","CLVGDRDQAGTALIF","TRAJ15*01","TRBV5-6*01","CASSFGQSSTYGYTF","TRBJ1-2*01"
"decoy_SPRWYFYYL_16","TRAV12-2*01","CAVSSTDKLIF","TRAJ34*01","TRBV20-1*01","CSAPLAGGPNEQFF","TRBJ2-1*01"
"decoy_SPRWYFYYL_17","TRAV38-1*01","CASMTSGTYKYIF","TRAJ40*01","TRBV7-9*01","CASSLEIAQETQYF","TRBJ2-5*01"
"decoy_SPRWYFYYL_18","TRAV8-1*01","CAVVTGANNLFF","TRAJ36*01","TRBV5-5*01","CASSPGLAGDNEQFF","TRBJ2-1*01"
"decoy_SPRWYFYYL_19","TRAV38-1*01","CAFIGTSYGKLTF","TRAJ52*01","TRBV6-6*01","CASTSQWGTSTDTQYF","TRBJ2-3*01"
"decoy_SPRWYFYYL_20","TRAV29/DV5*01","CAASFGLRGYSTLTF","TRAJ11*01","TRBV9*01","CASSIIDRSGTEAFF","TRBJ1-1*01"
"decoy_SPRWYFYYL_21","TRAV12-1*01","CVVNMLKTSYDKVIF","TRAJ50*01","TRBV7-9*01","CASSPQNSYNEQFF","TRBJ2-1*01"
"decoy_SPRWYFYYL_22","TRAV13-1*01","CAASFTNFGNEKLTF","TRAJ48*01","TRBV20-1*01","CSATPSLGPEQPQHF","TRBJ1-5*01"
"decoy_SPRWYFYYL_23","TRAV14/DV4*01","CAMRRNNNARLMF","TRAJ31*01","TRBV11-2*01","CASIEYPGENIQYF","TRBJ2-4*01"
"decoy_SPRWYFYYL_24","TRAV1-2*01","CAVRRRGQGGKLIF","TRAJ23*01","TRBV4-1*01","CASSQLEGGPSSYEQYF","TRBJ2-7*01"
"decoy_SPRWYFYYL_25","TRAV20*01","CAVSGNTGKLIF","TRAJ37*01","TRBV4-1*01","CASSQWDNQPQHF","TRBJ1-5*01"
"decoy_SPRWYFYYL_26","TRAV13-1*01","CAASNQGGSDKLVF","TRAJ57*01","TRBV4-1*01","CASSPQGLRGGPYEQYF","TRBJ2-7*01"
"decoy_SPRWYFYYL_27","TRAV14/DV4*01","CAMRGRTGNQFYF","TRAJ49*01","TRBV12-4*01","CASSQKLAGDNEQFF","TRBJ2-1*01"
"decoy_SPRWYFYYL_28","TRAV12-2*01","CAGNAGGTSYGKLTF","TRAJ52*01","TRBV6-3*01","CASSWGQGSAYTF","TRBJ1-2*01"
"decoy_SPRWYFYYL_29","TRAV24*01","CALTNAGGTSYGKLTF","TRAJ52*01","TRBV12-4*01","CASSLGQPAGEQFF","TRBJ2-1*01"
"decoy_SPRWYFYYL_30","TRAV29/DV5*01","CAASSTGAGSYQLTF","TRAJ28*01","TRBV27*01","CASSLAGQENQPQHF","TRBJ1-5*01"
"decoy_TTDPSFLGRY_1","TRAV13-1*01","CAASRDSGYALNF","TRAJ41*01","TRBV11-2*01","CASSLAGESSYNEQFF","TRBJ2-1*01"
"decoy_TTDPSFLGRY_2","TRAV21*01","CAVSGGPGTYKYIF","TRAJ40*01","TRBV6-5*01","CASSPSGRGGNEQFF","TRBJ2-1*01"
"decoy_TTDPSFLGRY_3","TRAV13-1*01","CAASRYYSGAGSYQLTF","TRAJ28*01","TRBV11-2*01","CASSLVGGHQPQHF","TRBJ1-5*01"
"decoy_TTDPSFLGRY_4","TRAV17*01","CATPFSYSSASKIIF","TRAJ3*01","TRBV6-2*01","CASIASSGHEQFF","TRBJ2-1*01"
"decoy_TTDPSFLGRY_5","TRAV12-2*01","CAVNSGTDKLIF","TRAJ34*01","TRBV28*01","CASRFISLGQPQHF","TRBJ1-5*01"
"decoy_TTDPSFLGRY_6","TRAV8-6*01","CAVYEDDKIIF","TRAJ30*01","TRBV12-3*01","CASRRGTDLTDTQYF","TRBJ2-3*01"
"decoy_TTDPSFLGRY_7","TRAV12-2*01","CAVRNNDMRF","TRAJ43*01","TRBV7-3*01","CASSPLGQDTQYF","TRBJ2-3*01"
"decoy_TTDPSFLGRY_8","TRAV13-1*01","CAATYSGAGSYQLTF","TRAJ28*01","TRBV27*01","CASSNQETQYF","TRBJ2-5*01"
"decoy_TTDPSFLGRY_9","TRAV17*01","CATGNNNDMRF","TRAJ43*01","TRBV12-3*01","CASSSSTGGNYGYTF","TRBJ1-2*01"
"decoy_TTDPSFLGRY_10","TRAV29/DV5*01","CAASHNFNKFYF","TRAJ21*01","TRBV12-3*01","CASSQKPGQDHYEQYF","TRBJ2-7*01"
"decoy_TTDPSFLGRY_11","TRAV24*01","CAFGSSNTGKLIF","TRAJ37*01","TRBV4-1*01","CASSQDRLTGVYTF","TRBJ1-2*01"
"decoy_TTDPSFLGRY_12","TRAV8-4*01","CAVSNTGFQKLVF","TRAJ8*01","TRBV5-1*01","CASSEGDRGLANEKLFF","TRBJ1-4*01"
"decoy_TTDPSFLGRY_13","TRAV8-1*01","CAVNGDAGNMLTF","TRAJ39*01","TRBV3-1*01","CASSPGVRANVLTF","TRBJ2-6*01"
"decoy_TTDPSFLGRY_14","TRAV21*01","CAVNYGGSQGNLIF","TRAJ42*01","TRBV11-2*01","CASRLLGQLETQYF","TRBJ2-5*01"
"decoy_TTDPSFLGRY_15","TRAV1-2*01","CAVELAFTGGGNKLTF","TRAJ10*01","TRBV14*01","CASSQVDSYGYTF","TRBJ1-2*01"
"decoy_TTDPSFLGRY_16","TRAV12-1*01","CVVNLLYSSASKIIF","TRAJ3*01","TRBV12-4*01","CASSLGGPGVYNEQFF","TRBJ2-1*01"
"decoy_TTDPSFLGRY_17","TRAV41*01","CAVRTVDSNYQLIW","TRAJ33*01","TRBV10-3*01","CAISEPCGRSYGYTF","TRBJ1-2*01"
"decoy_TTDPSFLGRY_18","TRAV12-2*01","CAVTRNNDMRF","TRAJ43*01","TRBV5-4*01","CASSWGGAYEQYF","TRBJ2-7*01"
"decoy_TTDPSFLGRY_19","TRAV13-2*01","CAENPSSNTGKLIF","TRAJ37*01","TRBV12-3*01","CASSLFPGGNTGELFF","TRBJ2-2*01"
"decoy_TTDPSFLGRY_20","TRAV9-2*01","CALSPYYLNSGGSNYKLTF","TRAJ53*01","TRBV5-8*01","CASSTQPGADTGELFF","TRBJ2-2*01"
"decoy_TTDPSFLGRY_21","TRAV19*01","CALGYDKIIF","TRAJ30*01","TRBV7-9*01","CASSFPSGGGEKLFF","TRBJ1-4*01"
"decoy_TTDPSFLGRY_22","TRAV20*01","CAALAAGGTSYGKLTF","TRAJ52*01","TRBV10-3*01","CAITAVNTGELFF","TRBJ2-2*01"
"decoy_TTDPSFLGRY_23","TRAV12-2*01","CAVNGNARLMF","TRAJ31*01","TRBV20-1*01","CSACAGLNTEAFF","TRBJ1-1*01"
"decoy_TTDPSFLGRY_24","TRAV19*01","CALRGVYNQGGKLIF","TRAJ23*01","TRBV14*01","CASSQVRQGLNQPQHF","TRBJ1-5*01"
"decoy_TTDPSFLGRY_25","TRAV13-1*01","CAASLSTASKLTF","TRAJ44*01","TRBV20-1*01","CSARDLAGGTDTQYF","TRBJ2-3*01"
"decoy_TTDPSFLGRY_26","TRAV26-2*01","CILRGPTSIQGAQKLVF","TRAJ54*01","TRBV20-1*01","CSAGRTSYYGYTF","TRBJ1-2*01"
"decoy_TTDPSFLGRY_27","TRAV13-2*01","CAENMIPGGGADGLTF","TRAJ45*01","TRBV5-5*01","CASSLLSGSSYEQYF","TRBJ2-7*01"
"decoy_TTDPSFLGRY_28","TRAV22*01","CAVERAAGNKLTF","TRAJ17*01","TRBV28*01","CASSSGQGNIQYF","TRBJ2-4*01"
"decoy_TTDPSFLGRY_29","TRAV21*01","CAVASFYGNNRLAF","TRAJ7*01","TRBV28*01","CASNRDRDYGYTF","TRBJ1-2*01"
"decoy_TTDPSFLGRY_30","TRAV19*01","CALSGFYNTDKLIF","TRAJ34*01","TRBV6-1*01","CASPGLAGEYEQYF","TRBJ2-7*01"
"decoy_VLFGLGFAI_1","TRAV17*01","CATDARGTSYGKLTF","TRAJ52*01","TRBV6-2*01","CASSYLTGADGYTF","TRBJ1-2*01"
"decoy_VLFGLGFAI_2","TRAV24*01","CARNSGGYQKVTF","TRAJ13*01","TRBV5-6*01","CASSLMVNEQYF","TRBJ2-7*01"
"decoy_VLFGLGFAI_3","TRAV9-2*01","CALSLAARLTGGGNKLTF","TRAJ10*01","TRBV2*01","CASRVGQNYNSPLHF","TRBJ1-6*01"
"decoy_VLFGLGFAI_4","TRAV12-2*01","CAVTGARLMF","TRAJ31*01","TRBV19*01","CASSKARGNNQPQHF","TRBJ1-5*01"
"decoy_VLFGLGFAI_5","TRAV8-1*01","CAVKTAGNMLTF","TRAJ39*01","TRBV3-1*01","CASSQRLAGLDNEQFF","TRBJ2-1*01"
"decoy_VLFGLGFAI_6","TRAV8-2*01","CVVSDRGDMRF","TRAJ43*01","TRBV5-1*01","CASSLELAGVDTQYF","TRBJ2-3*01"
"decoy_VLFGLGFAI_7","TRAV12-2*01","CAVNILGNTGFQKLVF","TRAJ8*01","TRBV28*01","CASSPMGVGGNTIYF","TRBJ1-3*01"
"decoy_VLFGLGFAI_8","TRAV17*01","CATEGNSGYSTLTF","TRAJ11*01","TRBV6-5*01","CASSRQGGNYGYTF","TRBJ1-2*01"
"decoy_VLFGLGFAI_9","TRAV12-2*01","CAVDTGFQKLVF","TRAJ8*01","TRBV27*01","CASSNSYEQYF","TRBJ2-7*01"
"decoy_VLFGLGFAI_10","TRAV26-1*01","CIVWGGYQKVTF","TRAJ13*01","TRBV7-9*01","CASRYRDDSYNEQFF","TRBJ2-1*01"
"decoy_VLFGLGFAI_11","TRAV35*01","CAGLDFGNEKLTF","TRAJ48*01","TRBV7-9*01","CASSLATSPLMNTEAFF","TRBJ1-1*01"
"decoy_VLFGLGFAI_12","TRAV38-1*01","CAFMKQRYASNQFYF","TRAJ49*01","TRBV6-5*01","CASSYGLRVAGGTYEQYF","TRBJ2-7*01"
"decoy_VLFGLGFAI_13","TRAV12-2*01","CALAPDKLIF","TRAJ34*01","TRBV12-4*01","CASSSQGLSTEAFF","TRBJ1-1*01"
"decoy_VLFGLGFAI_14","TRAV38-1*01","CAFMGNNDMRF","TRAJ43*01","TRBV10-3*01","CAISEEVSGGVGANEQFF","TRBJ2-1*01"
"decoy_VLFGLGFAI_15","TRAV35*01","CAALHLNGQLSVIW","TRAJ33*01","TRBV27*01","CASSFPGQGNTQYF","TRBJ2-3*01"
"decoy_VLFGLGFAI_16","TRAV8-6*01","CAVSVTSGTYKYIF","TRAJ40*01","TRBV7-6*01","CASSWGLAEFYNEQFF","TRBJ2-1*01"
"decoy_VLFGLGFAI_17","TRAV14/DV4*01","CAMREGVIYNQGGKLIF","TRAJ23*01","TRBV30*01","CAWSRGSAYNEQFF","TRBJ2-1*01"
"decoy_VLFGLGFAI_18","TRAV38-2/DV8*01","CAYRSALSDGNKLVF","TRAJ47*01","TRBV19*01","CASSEENTEAFF","TRBJ1-1*01"
"decoy_VLFGLGFAI_19","TRAV12-2*01","CAVGMYSGGGADGLTF","TRAJ45*01","TRBV6-3*01","CASSYGVGQPQHF","TRBJ1-5*01"
"decoy_VLFGLGFAI_20","TRAV8-4*01","CAVQGGKLIF","TRAJ23*01","TRBV20-1*01","CSAGGQETTDTQYF","TRBJ2-3*01"
"decoy_VLFGLGFAI_21","TRAV38-2/DV8*01","CAYSQGAQKLVF","TRAJ54*01","TRBV13*01","CASSIPGWTEAFF","TRBJ1-1*01"
"decoy_VLFGLGFAI_22","TRAV8-3*01","CAVGGGSGNTGKLIF","TRAJ37*01","TRBV20-1*01","CSASRGTYEQYF","TRBJ2-7*01"
"decoy_VLFGLGFAI_23","TRAV27*01","CAACAEYGNKLVF","TRAJ47*01","TRBV9*01","CASSVGGVTYNEQFF","TRBJ2-1*01"
"decoy_VLFGLGFAI_24","TRAV20*01","CAVALYNNNDMRF","TRAJ43*01","TRBV19*01","CASSGDRGNTLYF","TRBJ1-3*01"
"decoy_VLFGLGFAI_25","TRAV1-2*01","CAGHLMDTGRRALTF","TRAJ5*01","TRBV20-1*01","CSARALQTGDDYGYTF","TRBJ1-2*01"
"decoy_VLFGLGFAI_26","TRAV13-2*01","CAENRGFGNEKLTF","TRAJ48*01","TRBV2*01","CASSEGLEIRMRSSYEQYF","TRBJ2-7*01"
"decoy_VLFGLGFAI_27","TRAV2*01","CAVDSGAGSYQLTF","TRAJ28*01","TRBV20-1*01","CSANTYDEVQETQYF","TRBJ2-5*01"
"decoy_VLFGLGFAI_28","TRAV8-2*01","CVSPGYTNAGKSTF","TRAJ27*01","TRBV5-6*01","CASILRAESSYNEQFF","TRBJ2-1*01"
"decoy_VLFGLGFAI_29","TRAV1-2*01","CAVRDLSTGGFKTIF","TRAJ9*01","TRBV5-6*01","CASRGTGGAWEQYF","TRBJ2-7*01"
"decoy_VLFGLGFAI_30","TRAV21*01","CAVRRDSGYALNF","TRAJ41*01","TRBV6-6*01","CASSQQAGSLETQYF","TRBJ2-5*01"
"decoy_YLQPRTFLL_1","TRAV12-3*01","CAMSGDNAGNMLTF","TRAJ39*01","TRBV6-2*01","CASTISQGQARPDTQYF","TRBJ2-3*01"
"decoy_YLQPRTFLL_2","TRAV19*01","CALILNQAGTALIF","TRAJ15*01","TRBV4-1*01","CASSSSLVVEQYF","TRBJ2-7*01"
"decoy_YLQPRTFLL_3","TRAV4*01","CLVGAALSGGYNKLIF","TRAJ4*01","TRBV14*01","CASSLVPINELFF","TRBJ2-2*01"
"decoy_YLQPRTFLL_4","TRAV21*01","CAVRGGGADGLTF","TRAJ45*01","TRBV6-6*01","CASSNQRDGMNQPQHF","TRBJ1-5*01"
"decoy_YLQPRTFLL_5","TRAV19*01","CALSEATYNQGGKLIF","TRAJ23*01","TRBV19*01","CASSIFPNPGNTIYF","TRBJ1-3*01"
"decoy_YLQPRTFLL_6","TRAV12-2*01","CAVNAGKSTF","TRAJ27*01","TRBV6-6*01","CASSPGTVAYEQYF","TRBJ2-7*01"
"decoy_YLQPRTFLL_7","TRAV3*01","CAVRDPGNTPLVF","TRAJ29*01","TRBV20-1*01","CSARAPDRADEQFF","TRBJ2-1*01"
"decoy_YLQPRTFLL_8","TRAV6*01","CALDVYMDSNYQLIW","TRAJ33*01","TRBV19*01","CASSIGSGGPYEQYF","TRBJ2-7*01"
"decoy_YLQPRTFLL_9","TRAV12-2*01","CAVTWGGKLIF","TRAJ23*01","TRBV28*01","CASSFQGLGTEAFF","TRBJ1-1*01"
"decoy_YLQPRTFLL_10","TRAV9-2*01","CALRGNTGKLIF","TRAJ37*01","TRBV5-6*01","CASSFWGGGTEAFF","TRBJ1-1*01"
"decoy_YLQPRTFLL_11","TRAV14/DV4*01","CAMREGPSGTYKYIF","TRAJ40*01","TRBV29-1*01","CSVEYEGMGKNIQYF","TRBJ2-4*01"
"decoy_YLQPRTFLL_12","TRAV12-2*01","CAVSNYQLIW","TRAJ33*01","TRBV11-1*01","CASTSGDNEQFF","TRBJ2-1*01"
"decoy_YLQPRTFLL_13","TRAV12-2*01","CAVINYQLIW","TRAJ33*01","TRBV6-6*01","CASSYYLAGTSIYEQYF","TRBJ2-7*01"
"decoy_YLQPRTFLL_14","TRAV38-2/DV8*01","CAYRSHENSGGSNYKLTF","TRAJ53*01","TRBV27*01","CASSLSPFSADYEQYF","TRBJ2-7*01"
"decoy_YLQPRTFLL_15","TRAV29/DV5*01","CAASAGWFAEYGNKLVF","TRAJ47*01","TRBV10-2*01","CASLRLEEETQYF","TRBJ2-5*01"
"decoy_YLQPRTFLL_16","TRAV1-2*01","CAVRDTGNAGNMLTF","TRAJ39*01","TRBV5-1*01","CASSLLAVDNEQFF","TRBJ2-1*01"
"decoy_YLQPRTFLL_17","TRAV12-2*01","CAVNNARLMF","TRAJ31*01","TRBV27*01","CASSPSGLAGGHTQYF","TRBJ2-3*01"
"decoy_YLQPRTFLL_18","TRAV8-4*01","CAVSAEDGGSQGNLIF","TRAJ42*01","TRBV19*01","CASDSGTLARYAVF","TRBJ2-3*01"
"decoy_YLQPRTFLL_19","TRAV3*01","CAVRDIMNRDDKIIF","TRAJ30*01","TRBV25-1*01","CASTPGSEPLHF","TRBJ1-6*01"
"decoy_YLQPRTFLL_20","TRAV35*01","CAGPPRNAGGTSYGKLTF","TRAJ52*01","TRBV19*01","CASATWGDPNQPQHF","TRBJ1-5*01"
"decoy_YLQPRTFLL_21","TRAV12-2*01","CAVTDREAGTALIF","TRAJ15*01","TRBV7-3*01","CASSLIGNTGELFF","TRBJ2-2*01"
"decoy_YLQPRTFLL_22","TRAV17*01","CATVAYYGNNRLAF","TRAJ7*01","TRBV5-1*01","CASSLEEVAFGDTEAFF","TRBJ1-1*01"
"decoy_YLQPRTFLL_23","TRAV17*01","CATPPKTSYDKVIF","TRAJ50*01","TRBV27*01","CASSLLKGTLHF","TRBJ1-6*01"
"decoy_YLQPRTFLL_24","TRAV12-1*01","CVALMNRDDKIIF","TRAJ30*01","TRBV9*01","CASSVGDGSPWKYF","TRBJ2-7*01"
"decoy_YLQPRTFLL_25","TRAV24*01","CASESAGNMLTF","TRAJ39*01","TRBV2*01","CASSESENSYGYTF","TRBJ1-2*01"
"decoy_YLQPRTFLL_26","TRAV38-2/DV8*01","CAYRSNYGGSQGNLIF","TRAJ42*01","TRBV2*01","CAKTPGSSNTDTQYF","TRBJ2-3*01"
"decoy_YLQPRTFLL_27","TRAV3*01","CAVSSNSGGYQKVTF","TRAJ13*01","TRBV7-8*01","CASNMGGLLSTDTQYF","TRBJ2-3*01"
"decoy_YLQPRTFLL_28","TRAV5*01","CAALSPNFGNEKLTF","TRAJ48*01","TRBV7-2*01","CASSPRDRERGEQYF","TRBJ2-7*01"
"decoy_YLQPRTFLL_29","TRAV35*01","CAGPNYGGSQGNLIF","TRAJ42*01","TRBV27*01","CASSYLNSPLHF","TRBJ1-6*01"
"decoy_YLQPRTFLL_30","TRAV38-2/DV8*01","CACVNSGAGSYQLTF","TRAJ28*01","TRBV2*01","CASSKDRNQPQHF","TRBJ1-5*01"
