"Epitope","Dataset","Approach","Model","NLV","Feature","accuracy","kap","sens","spec","f_meas","precision","recall","bal_accuracy","roc_auc","pr_auc","mn_log_loss"
"GILGFVFTL","CDR3","Combined","Model 1","No","all.features",0.643,0.281,0.703,0.615,0.561,0.467,0.703,0.659,0.761,0.733,0.618
"GILGFVFTL","CDR3","Combined","Model 1","No","limited.features",0.643,0.284,0.712,0.611,0.564,0.467,0.712,0.661,0.736,0.689,0.632
"GILGFVFTL","CDR3","Combined","Model 1","No","tuned.features",0.648,0.286,0.699,0.624,0.562,0.471,0.699,0.661,0.761,0.733,0.618
"GLCTLVAML","CDR3","Combined","Model 1","No","all.features",0.619,0.158,0.445,0.712,0.449,0.453,0.445,0.579,0.612,0.52,0.656
"GLCTLVAML","CDR3","Combined","Model 1","No","limited.features",0.592,0.101,0.413,0.688,0.414,0.415,0.413,0.551,0.563,0.501,0.665
"GLCTLVAML","CDR3","Combined","Model 1","No","tuned.features",0.622,0.163,0.445,0.716,0.451,0.456,0.445,0.581,0.613,0.52,0.656
"RPIIRPATL","CDR3","Combined","Model 1","No","all.features",0.602,0.125,0.43,0.695,0.432,0.434,0.43,0.562,0.579,0.453,0.672
"RPIIRPATL","CDR3","Combined","Model 1","No","limited.features",0.578,0.091,0.438,0.655,0.422,0.408,0.438,0.546,0.574,0.436,0.673
"RPIIRPATL","CDR3","Combined","Model 1","No","tuned.features",0.598,0.119,0.43,0.688,0.429,0.429,0.43,0.559,0.578,0.454,0.672
"YLQPRTFLL","CDR3","Combined","Model 1","No","all.features",0.63,0.152,0.43,0.723,0.425,0.419,0.43,0.576,0.597,0.424,0.668
"YLQPRTFLL","CDR3","Combined","Model 1","No","limited.features",0.617,0.154,0.482,0.68,0.444,0.412,0.482,0.581,0.599,0.413,0.674
"YLQPRTFLL","CDR3","Combined","Model 1","No","tuned.features",0.63,0.15,0.425,0.725,0.422,0.418,0.425,0.575,0.598,0.423,0.668
"GILGFVFTL","CDR3","Combined","Model 2","No","all.features",0.668,0.157,0.672,0.667,0.29,0.185,0.672,0.67,0.76,0.496,0.646
"GILGFVFTL","CDR3","Combined","Model 2","No","limited.features",0.617,0.125,0.692,0.609,0.268,0.166,0.692,0.65,0.738,0.468,0.658
"GILGFVFTL","CDR3","Combined","Model 2","No","tuned.features",0.672,0.16,0.672,0.671,0.292,0.187,0.672,0.672,0.761,0.496,0.646
"GLCTLVAML","CDR3","Combined","Model 2","No","all.features",0.683,0.093,0.451,0.712,0.242,0.165,0.451,0.582,0.625,0.237,0.633
"GLCTLVAML","CDR3","Combined","Model 2","No","limited.features",0.651,0.064,0.443,0.677,0.221,0.147,0.443,0.56,0.607,0.206,0.642
"GLCTLVAML","CDR3","Combined","Model 2","No","tuned.features",0.688,0.093,0.443,0.719,0.241,0.166,0.443,0.581,0.625,0.237,0.633
"RPIIRPATL","CDR3","Combined","Model 2","No","all.features",0.653,0.062,0.419,0.686,0.231,0.16,0.419,0.553,0.594,0.207,0.653
"RPIIRPATL","CDR3","Combined","Model 2","No","limited.features",0.625,0.071,0.487,0.645,0.245,0.163,0.487,0.566,0.608,0.199,0.654
"RPIIRPATL","CDR3","Combined","Model 2","No","tuned.features",0.651,0.048,0.393,0.688,0.219,0.152,0.393,0.541,0.595,0.205,0.652
"YLQPRTFLL","CDR3","Combined","Model 2","No","all.features",0.657,0.074,0.459,0.681,0.228,0.152,0.459,0.57,0.597,0.18,0.652
"YLQPRTFLL","CDR3","Combined","Model 2","No","limited.features",0.635,0.072,0.491,0.652,0.229,0.149,0.491,0.572,0.585,0.178,0.658
"YLQPRTFLL","CDR3","Combined","Model 2","No","tuned.features",0.661,0.07,0.441,0.688,0.223,0.149,0.441,0.565,0.596,0.179,0.652
"GILGFVFTL","CDR3","Structure","Model 1","No","all.features",0.63,0.253,0.68,0.606,0.544,0.453,0.68,0.643,0.724,0.631,0.642
"GILGFVFTL","CDR3","Structure","Model 1","No","limited.features",0.641,0.261,0.658,0.632,0.542,0.462,0.658,0.645,0.72,0.63,0.642
"GILGFVFTL","CDR3","Structure","Model 1","No","tuned.features",0.627,0.247,0.676,0.604,0.54,0.45,0.676,0.64,0.724,0.631,0.643
"GLCTLVAML","CDR3","Structure","Model 1","No","all.features",0.615,0.159,0.466,0.695,0.457,0.449,0.466,0.58,0.627,0.535,0.653
"GLCTLVAML","CDR3","Structure","Model 1","No","limited.features",0.63,0.178,0.449,0.727,0.459,0.468,0.449,0.588,0.614,0.53,0.654
"GLCTLVAML","CDR3","Structure","Model 1","No","tuned.features",0.625,0.18,0.478,0.703,0.47,0.463,0.478,0.591,0.628,0.536,0.653
"RPIIRPATL","CDR3","Structure","Model 1","No","all.features",0.578,0.104,0.469,0.638,0.439,0.413,0.469,0.553,0.56,0.411,0.682
"RPIIRPATL","CDR3","Structure","Model 1","No","limited.features",0.557,0.056,0.434,0.623,0.408,0.385,0.434,0.529,0.549,0.406,0.685
"RPIIRPATL","CDR3","Structure","Model 1","No","tuned.features",0.568,0.076,0.442,0.636,0.418,0.397,0.442,0.539,0.56,0.412,0.681
"YLQPRTFLL","CDR3","Structure","Model 1","No","all.features",0.561,0.044,0.42,0.627,0.378,0.343,0.42,0.523,0.545,0.366,0.69
"YLQPRTFLL","CDR3","Structure","Model 1","No","limited.features",0.567,0.055,0.425,0.634,0.384,0.35,0.425,0.529,0.552,0.369,0.688
"YLQPRTFLL","CDR3","Structure","Model 1","No","tuned.features",0.558,0.039,0.42,0.622,0.376,0.34,0.42,0.521,0.545,0.366,0.689
"GILGFVFTL","CDR3","Structure","Model 2","No","all.features",0.656,0.129,0.621,0.66,0.267,0.17,0.621,0.64,0.696,0.35,0.657
"GILGFVFTL","CDR3","Structure","Model 2","No","limited.features",0.664,0.133,0.615,0.669,0.27,0.173,0.615,0.642,0.7,0.353,0.658
"GILGFVFTL","CDR3","Structure","Model 2","No","tuned.features",0.663,0.132,0.615,0.668,0.269,0.172,0.615,0.642,0.696,0.349,0.658
"GLCTLVAML","CDR3","Structure","Model 2","No","all.features",0.688,0.092,0.438,0.72,0.24,0.165,0.438,0.579,0.612,0.235,0.65
"GLCTLVAML","CDR3","Structure","Model 2","No","limited.features",0.697,0.098,0.434,0.731,0.243,0.169,0.434,0.582,0.612,0.235,0.651
"GLCTLVAML","CDR3","Structure","Model 2","No","tuned.features",0.694,0.099,0.443,0.726,0.245,0.169,0.443,0.584,0.614,0.236,0.65
"RPIIRPATL","CDR3","Structure","Model 2","No","all.features",0.633,0.051,0.427,0.663,0.225,0.153,0.427,0.545,0.57,0.161,0.672
"RPIIRPATL","CDR3","Structure","Model 2","No","limited.features",0.646,0.059,0.423,0.678,0.229,0.157,0.423,0.55,0.576,0.161,0.671
"RPIIRPATL","CDR3","Structure","Model 2","No","tuned.features",0.634,0.05,0.423,0.664,0.224,0.152,0.423,0.544,0.572,0.162,0.672
"YLQPRTFLL","CDR3","Structure","Model 2","No","all.features",0.638,0.027,0.382,0.67,0.189,0.126,0.382,0.526,0.532,0.13,0.676
"YLQPRTFLL","CDR3","Structure","Model 2","No","limited.features",0.64,0.009,0.341,0.677,0.173,0.116,0.341,0.509,0.521,0.127,0.676
"YLQPRTFLL","CDR3","Structure","Model 2","No","tuned.features",0.638,0.021,0.368,0.671,0.183,0.122,0.368,0.52,0.53,0.13,0.676
"GILGFVFTL","CDR3","Sequence","Model 1","No","both",0.63,0.258,0.694,0.6,0.549,0.454,0.694,0.647,0.759,0.735,0.623
"GILGFVFTL","CDR3","Sequence","Model 1","No","cdr3",0.552,0.15,0.699,0.481,0.502,0.392,0.699,0.59,0.709,0.675,0.66
"GILGFVFTL","CDR3","Sequence","Model 1","No","full",0.641,0.258,0.648,0.637,0.539,0.461,0.648,0.643,0.759,0.709,0.626
"GLCTLVAML","CDR3","Sequence","Model 1","No","both",0.606,0.116,0.393,0.721,0.41,0.429,0.393,0.557,0.59,0.497,0.663
"GLCTLVAML","CDR3","Sequence","Model 1","No","cdr3",0.498,-0.066,0.36,0.571,0.333,0.31,0.36,0.466,0.456,0.362,0.703
"GLCTLVAML","CDR3","Sequence","Model 1","No","full",0.639,0.162,0.372,0.781,0.418,0.477,0.372,0.577,0.631,0.522,0.652
"RPIIRPATL","CDR3","Sequence","Model 1","No","both",0.589,0.089,0.391,0.697,0.402,0.412,0.391,0.544,0.548,0.446,0.679
"RPIIRPATL","CDR3","Sequence","Model 1","No","cdr3",0.577,0.098,0.461,0.64,0.434,0.41,0.461,0.551,0.585,0.43,0.677
"RPIIRPATL","CDR3","Sequence","Model 1","No","full",0.583,0.072,0.376,0.695,0.388,0.401,0.376,0.535,0.524,0.424,0.685
"YLQPRTFLL","CDR3","Sequence","Model 1","No","both",0.633,0.148,0.409,0.737,0.415,0.42,0.409,0.573,0.581,0.413,0.67
"YLQPRTFLL","CDR3","Sequence","Model 1","No","cdr3",0.612,0.171,0.539,0.646,0.468,0.414,0.539,0.592,0.605,0.49,0.672
"YLQPRTFLL","CDR3","Sequence","Model 1","No","full",0.605,0.058,0.316,0.74,0.337,0.361,0.316,0.528,0.555,0.381,0.677
"GILGFVFTL","CDR3","Sequence","Model 2","No","both",0.66,0.152,0.677,0.658,0.287,0.182,0.677,0.668,0.771,0.506,0.651
"GILGFVFTL","CDR3","Sequence","Model 2","No","cdr3",0.567,0.101,0.718,0.55,0.251,0.152,0.718,0.634,0.725,0.44,0.679
"GILGFVFTL","CDR3","Sequence","Model 2","No","full",0.7,0.157,0.595,0.712,0.286,0.188,0.595,0.653,0.765,0.436,0.649
"GLCTLVAML","CDR3","Sequence","Model 2","No","both",0.694,0.084,0.413,0.729,0.232,0.161,0.413,0.571,0.624,0.223,0.637
"GLCTLVAML","CDR3","Sequence","Model 2","No","cdr3",0.609,0.044,0.464,0.627,0.21,0.136,0.464,0.545,0.552,0.133,0.668
"GLCTLVAML","CDR3","Sequence","Model 2","No","full",0.728,0.115,0.409,0.769,0.252,0.182,0.409,0.589,0.631,0.239,0.64
"RPIIRPATL","CDR3","Sequence","Model 2","No","both",0.668,0.071,0.412,0.704,0.236,0.165,0.412,0.558,0.59,0.209,0.652
"RPIIRPATL","CDR3","Sequence","Model 2","No","cdr3",0.613,0.076,0.521,0.626,0.251,0.165,0.521,0.573,0.604,0.185,0.663
"RPIIRPATL","CDR3","Sequence","Model 2","No","full",0.706,0.07,0.345,0.758,0.226,0.168,0.345,0.551,0.561,0.183,0.661
"YLQPRTFLL","CDR3","Sequence","Model 2","No","both",0.674,0.069,0.418,0.705,0.221,0.15,0.418,0.562,0.581,0.172,0.652
"YLQPRTFLL","CDR3","Sequence","Model 2","No","cdr3",0.616,0.079,0.541,0.626,0.238,0.152,0.541,0.583,0.599,0.2,0.663
"YLQPRTFLL","CDR3","Sequence","Model 2","No","full",0.692,0.023,0.295,0.742,0.175,0.124,0.295,0.518,0.546,0.15,0.662
"GILGFVFTL","Full","Combined","Model 1","No","all.features",0.615,0.217,0.655,0.597,0.509,0.417,0.655,0.626,0.675,0.54,0.664
"GILGFVFTL","Full","Combined","Model 1","No","limited.features",0.571,0.126,0.577,0.568,0.451,0.37,0.577,0.573,0.591,0.487,0.68
"GILGFVFTL","Full","Combined","Model 1","No","tuned.features",0.633,0.229,0.619,0.639,0.507,0.43,0.619,0.629,0.666,0.535,0.666
"GLCTLVAML","Full","Combined","Model 1","No","all.features",0.538,0.031,0.443,0.589,0.403,0.37,0.443,0.516,0.523,0.387,0.699
"GLCTLVAML","Full","Combined","Model 1","No","limited.features",0.509,-0.014,0.439,0.547,0.386,0.345,0.439,0.493,0.491,0.352,0.708
"GLCTLVAML","Full","Combined","Model 1","No","tuned.features",0.555,0.059,0.447,0.613,0.415,0.386,0.447,0.53,0.536,0.394,0.694
"RPIIRPATL","Full","Combined","Model 1","No","all.features",0.59,0.097,0.41,0.687,0.412,0.413,0.41,0.549,0.56,0.443,0.677
"RPIIRPATL","Full","Combined","Model 1","No","limited.features",0.57,0.063,0.407,0.657,0.398,0.389,0.407,0.532,0.547,0.431,0.68
"RPIIRPATL","Full","Combined","Model 1","No","tuned.features",0.585,0.075,0.377,0.697,0.389,0.401,0.377,0.537,0.555,0.442,0.676
"YLQPRTFLL","Full","Combined","Model 1","No","all.features",0.646,0.177,0.42,0.754,0.435,0.452,0.42,0.587,0.618,0.471,0.656
"YLQPRTFLL","Full","Combined","Model 1","No","limited.features",0.641,0.193,0.475,0.72,0.462,0.45,0.475,0.598,0.618,0.478,0.662
"YLQPRTFLL","Full","Combined","Model 1","No","tuned.features",0.657,0.192,0.41,0.776,0.437,0.469,0.41,0.593,0.613,0.471,0.659
"GILGFVFTL","Full","Combined","Model 2","No","all.features",0.638,0.095,0.566,0.645,0.238,0.151,0.566,0.606,0.67,0.275,0.67
"GILGFVFTL","Full","Combined","Model 2","No","limited.features",0.592,0.065,0.561,0.596,0.216,0.134,0.561,0.578,0.623,0.235,0.679
"GILGFVFTL","Full","Combined","Model 2","No","tuned.features",0.639,0.103,0.584,0.645,0.245,0.155,0.584,0.615,0.672,0.278,0.67
"GLCTLVAML","Full","Combined","Model 2","No","all.features",0.674,0.084,0.439,0.705,0.239,0.164,0.439,0.572,0.599,0.19,0.654
"GLCTLVAML","Full","Combined","Model 2","No","limited.features",0.623,0.058,0.47,0.643,0.225,0.148,0.47,0.556,0.575,0.175,0.666
"GLCTLVAML","Full","Combined","Model 2","No","tuned.features",0.676,0.073,0.413,0.71,0.229,0.158,0.413,0.562,0.598,0.19,0.655
"RPIIRPATL","Full","Combined","Model 2","No","all.features",0.658,0.071,0.44,0.687,0.231,0.156,0.44,0.564,0.614,0.18,0.659
"RPIIRPATL","Full","Combined","Model 2","No","limited.features",0.63,0.085,0.524,0.643,0.248,0.162,0.524,0.584,0.615,0.183,0.661
"RPIIRPATL","Full","Combined","Model 2","No","tuned.features",0.665,0.078,0.444,0.694,0.236,0.16,0.444,0.569,0.615,0.181,0.658
"YLQPRTFLL","Full","Combined","Model 2","No","all.features",0.658,0.079,0.463,0.683,0.234,0.157,0.463,0.573,0.58,0.177,0.661
"YLQPRTFLL","Full","Combined","Model 2","No","limited.features",0.636,0.074,0.491,0.654,0.233,0.153,0.491,0.573,0.589,0.179,0.664
"YLQPRTFLL","Full","Combined","Model 2","No","tuned.features",0.659,0.077,0.458,0.685,0.233,0.156,0.458,0.571,0.581,0.177,0.661
"GILGFVFTL","Full","Structure","Model 1","No","all.features",0.587,0.155,0.595,0.584,0.468,0.386,0.595,0.59,0.609,0.447,0.684
"GILGFVFTL","Full","Structure","Model 1","No","limited.features",0.585,0.115,0.506,0.62,0.427,0.37,0.506,0.563,0.579,0.428,0.685
"GILGFVFTL","Full","Structure","Model 1","No","tuned.features",0.582,0.125,0.542,0.599,0.442,0.373,0.542,0.571,0.603,0.442,0.684
"GLCTLVAML","Full","Structure","Model 1","No","all.features",0.529,0.019,0.447,0.573,0.401,0.363,0.447,0.51,0.518,0.373,0.702
"GLCTLVAML","Full","Structure","Model 1","No","limited.features",0.549,0.049,0.447,0.604,0.411,0.381,0.447,0.526,0.531,0.381,0.699
"GLCTLVAML","Full","Structure","Model 1","No","tuned.features",0.539,0.035,0.447,0.589,0.406,0.372,0.447,0.518,0.523,0.375,0.7
"RPIIRPATL","Full","Structure","Model 1","No","all.features",0.574,0.079,0.429,0.652,0.413,0.398,0.429,0.54,0.518,0.399,0.692
"RPIIRPATL","Full","Structure","Model 1","No","limited.features",0.547,0.008,0.363,0.646,0.359,0.355,0.363,0.504,0.504,0.393,0.691
"RPIIRPATL","Full","Structure","Model 1","No","tuned.features",0.562,0.042,0.385,0.657,0.38,0.376,0.385,0.521,0.513,0.398,0.691
"YLQPRTFLL","Full","Structure","Model 1","No","all.features",0.637,0.173,0.44,0.733,0.441,0.442,0.44,0.586,0.62,0.445,0.664
"YLQPRTFLL","Full","Structure","Model 1","No","limited.features",0.631,0.135,0.38,0.752,0.401,0.425,0.38,0.566,0.615,0.437,0.668
"YLQPRTFLL","Full","Structure","Model 1","No","tuned.features",0.636,0.164,0.425,0.737,0.431,0.438,0.425,0.581,0.623,0.445,0.666
"GILGFVFTL","Full","Structure","Model 2","No","all.features",0.649,0.088,0.526,0.662,0.23,0.147,0.526,0.594,0.604,0.161,0.68
"GILGFVFTL","Full","Structure","Model 2","No","limited.features",0.651,0.081,0.503,0.667,0.224,0.144,0.503,0.585,0.604,0.159,0.681
"GILGFVFTL","Full","Structure","Model 2","No","tuned.features",0.646,0.092,0.543,0.657,0.235,0.15,0.543,0.6,0.611,0.164,0.681
"GLCTLVAML","Full","Structure","Model 2","No","all.features",0.644,0.034,0.383,0.679,0.2,0.136,0.383,0.531,0.544,0.159,0.677
"GLCTLVAML","Full","Structure","Model 2","No","limited.features",0.641,0.034,0.387,0.675,0.201,0.136,0.387,0.531,0.548,0.16,0.678
"GLCTLVAML","Full","Structure","Model 2","No","tuned.features",0.645,0.027,0.365,0.682,0.194,0.132,0.365,0.524,0.547,0.159,0.677
"RPIIRPATL","Full","Structure","Model 2","No","all.features",0.63,0.052,0.444,0.654,0.218,0.145,0.444,0.549,0.555,0.149,0.684
"RPIIRPATL","Full","Structure","Model 2","No","limited.features",0.634,0.051,0.436,0.66,0.217,0.144,0.436,0.548,0.556,0.149,0.684
"RPIIRPATL","Full","Structure","Model 2","No","tuned.features",0.642,0.044,0.408,0.673,0.21,0.141,0.408,0.54,0.555,0.149,0.682
"YLQPRTFLL","Full","Structure","Model 2","No","all.features",0.638,0.048,0.426,0.665,0.21,0.139,0.426,0.546,0.554,0.142,0.679
"YLQPRTFLL","Full","Structure","Model 2","No","limited.features",0.634,0.041,0.417,0.662,0.205,0.136,0.417,0.539,0.549,0.14,0.68
"YLQPRTFLL","Full","Structure","Model 2","No","tuned.features",0.644,0.05,0.421,0.673,0.211,0.141,0.421,0.547,0.557,0.142,0.678
"GILGFVFTL","Full","Sequence","Model 1","No","both",0.642,0.234,0.595,0.662,0.504,0.437,0.595,0.629,0.663,0.533,0.664
"GILGFVFTL","Full","Sequence","Model 1","No","cdr3",0.553,0.122,0.625,0.521,0.461,0.365,0.625,0.573,0.596,0.462,0.683
"GILGFVFTL","Full","Sequence","Model 1","No","full",0.675,0.289,0.607,0.704,0.533,0.474,0.607,0.656,0.688,0.536,0.664
"GLCTLVAML","Full","Sequence","Model 1","No","both",0.543,0.021,0.404,0.618,0.383,0.365,0.404,0.511,0.525,0.402,0.693
"GLCTLVAML","Full","Sequence","Model 1","No","cdr3",0.471,-0.059,0.456,0.48,0.378,0.323,0.456,0.468,0.444,0.32,0.707
"GLCTLVAML","Full","Sequence","Model 1","No","full",0.575,0.055,0.364,0.69,0.376,0.39,0.364,0.527,0.559,0.418,0.687
"RPIIRPATL","Full","Sequence","Model 1","No","both",0.585,0.072,0.37,0.701,0.384,0.399,0.37,0.535,0.566,0.446,0.674
"RPIIRPATL","Full","Sequence","Model 1","No","cdr3",0.584,0.12,0.491,0.634,0.452,0.419,0.491,0.562,0.583,0.443,0.679
"RPIIRPATL","Full","Sequence","Model 1","No","full",0.583,0.06,0.352,0.707,0.371,0.392,0.352,0.529,0.542,0.426,0.68
"YLQPRTFLL","Full","Sequence","Model 1","No","both",0.634,0.165,0.435,0.73,0.436,0.437,0.435,0.583,0.593,0.455,0.665
"YLQPRTFLL","Full","Sequence","Model 1","No","cdr3",0.585,0.133,0.535,0.61,0.456,0.398,0.535,0.572,0.579,0.445,0.681
"YLQPRTFLL","Full","Sequence","Model 1","No","full",0.613,0.078,0.32,0.754,0.35,0.386,0.32,0.537,0.578,0.425,0.669
"GILGFVFTL","Full","Sequence","Model 2","No","both",0.63,0.108,0.618,0.631,0.251,0.157,0.618,0.625,0.683,0.296,0.671
"GILGFVFTL","Full","Sequence","Model 2","No","cdr3",0.534,0.071,0.682,0.517,0.226,0.136,0.682,0.6,0.611,0.226,0.689
"GILGFVFTL","Full","Sequence","Model 2","No","full",0.711,0.177,0.624,0.721,0.302,0.199,0.624,0.672,0.72,0.254,0.671
"GLCTLVAML","Full","Sequence","Model 2","No","both",0.665,0.068,0.422,0.697,0.227,0.155,0.422,0.559,0.599,0.199,0.656
"GLCTLVAML","Full","Sequence","Model 2","No","cdr3",0.569,0.047,0.53,0.574,0.223,0.141,0.53,0.552,0.554,0.166,0.674
"GLCTLVAML","Full","Sequence","Model 2","No","full",0.703,0.08,0.378,0.746,0.229,0.164,0.378,0.562,0.61,0.181,0.663
"RPIIRPATL","Full","Sequence","Model 2","No","both",0.662,0.07,0.432,0.692,0.229,0.156,0.432,0.562,0.613,0.18,0.656
"RPIIRPATL","Full","Sequence","Model 2","No","cdr3",0.602,0.091,0.592,0.603,0.257,0.164,0.592,0.597,0.623,0.173,0.664
"RPIIRPATL","Full","Sequence","Model 2","No","full",0.687,0.058,0.364,0.73,0.213,0.151,0.364,0.547,0.579,0.159,0.67
"YLQPRTFLL","Full","Sequence","Model 2","No","both",0.664,0.086,0.468,0.689,0.239,0.161,0.468,0.578,0.577,0.179,0.66
"YLQPRTFLL","Full","Sequence","Model 2","No","cdr3",0.592,0.068,0.551,0.597,0.234,0.148,0.551,0.574,0.582,0.205,0.671
"YLQPRTFLL","Full","Sequence","Model 2","No","full",0.671,0.023,0.324,0.715,0.182,0.126,0.324,0.519,0.538,0.148,0.671
