"ref.epitope",".metric","all.features","limited.features","tuned.features"
"GILGFVFTL","accuracy",0.643,0.643,0.648
"GLCTLVAML","accuracy",0.619,0.592,0.622
"RPIIRPATL","accuracy",0.602,0.578,0.598
"YLQPRTFLL","accuracy",0.63,0.617,0.63
"GILGFVFTL","kap",0.281,0.284,0.286
"GLCTLVAML","kap",0.158,0.101,0.163
"RPIIRPATL","kap",0.125,0.091,0.119
"YLQPRTFLL","kap",0.152,0.154,0.15
"GILGFVFTL","sens",0.703,0.712,0.699
"GLCTLVAML","sens",0.445,0.413,0.445
"RPIIRPATL","sens",0.43,0.438,0.43
"YLQPRTFLL","sens",0.43,0.482,0.425
"GILGFVFTL","spec",0.615,0.611,0.624
"GLCTLVAML","spec",0.712,0.688,0.716
"RPIIRPATL","spec",0.695,0.655,0.688
"YLQPRTFLL","spec",0.723,0.68,0.725
"GILGFVFTL","f_meas",0.561,0.564,0.562
"GLCTLVAML","f_meas",0.449,0.414,0.451
"RPIIRPATL","f_meas",0.432,0.422,0.429
"YLQPRTFLL","f_meas",0.425,0.444,0.422
"GILGFVFTL","precision",0.467,0.467,0.471
"GLCTLVAML","precision",0.453,0.415,0.456
"RPIIRPATL","precision",0.434,0.408,0.429
"YLQPRTFLL","precision",0.419,0.412,0.418
"GILGFVFTL","recall",0.703,0.712,0.699
"GLCTLVAML","recall",0.445,0.413,0.445
"RPIIRPATL","recall",0.43,0.438,0.43
"YLQPRTFLL","recall",0.43,0.482,0.425
"GILGFVFTL","bal_accuracy",0.659,0.661,0.661
"GLCTLVAML","bal_accuracy",0.579,0.551,0.581
"RPIIRPATL","bal_accuracy",0.562,0.546,0.559
"YLQPRTFLL","bal_accuracy",0.576,0.581,0.575
"GILGFVFTL","roc_auc",0.761,0.736,0.761
"GLCTLVAML","roc_auc",0.612,0.563,0.613
"RPIIRPATL","roc_auc",0.579,0.574,0.578
"YLQPRTFLL","roc_auc",0.597,0.599,0.598
"GILGFVFTL","pr_auc",0.733,0.689,0.733
"GLCTLVAML","pr_auc",0.52,0.501,0.52
"RPIIRPATL","pr_auc",0.453,0.436,0.454
"YLQPRTFLL","pr_auc",0.424,0.413,0.423
"GILGFVFTL","mn_log_loss",0.618,0.632,0.618
"GLCTLVAML","mn_log_loss",0.656,0.665,0.656
"RPIIRPATL","mn_log_loss",0.672,0.673,0.672
"YLQPRTFLL","mn_log_loss",0.668,0.674,0.668
